,data,variable,Abruzzo,Basilicata,Calabria,Campania,Emilia-Romagna,Friuli Venezia Giulia,Lazio,Liguria,Lombardia,Marche,Molise,P.A. Bolzano,P.A. Trento,Piemonte,Puglia,Sardegna,Sicilia,Toscana,Umbria,Valle d'Aosta,Veneto
0,12-27-2020,Totale vaccinazioni,626.0,8556.0,660453.0,985108.0,1555738.0,525567.0,2411033.0,736246.0,5816087.0,990609.0,272332.0,372679.0,344742.0,878042.0,4206484.0,284552.0,1913006.0,2226366.0,294581.0,16853.0,3013455.0
1,12-27-2020,Totale vaccinazioni ogni cento ab,0.05,1.53,33.92,16.98,34.89,43.25,41.01,47.48,57.81,64.95,89.11,69.91,63.68,20.16,104.4,17.36,38.26,59.69,33.4,13.41,61.43
4,12-28-2020,Totale vaccinazioni,,,1061338.0,,,,5052565.0,443433.0,412432.0,,,,,154758.0,,245663.0,904045.0,,,,
5,12-28-2020,Totale vaccinazioni ogni cento ab,,,54.51,,,,85.94,28.6,4.1,,,,,3.55,,14.98,18.08,,,,
8,12-29-2020,Totale vaccinazioni,,,,,,,3784315.0,1269960.0,10162201.0,,,,,,,1588475.0,2358763.0,,,,
9,12-29-2020,Totale vaccinazioni ogni cento ab,,,,,,,64.37,81.9,101.01,,,,,,,96.88,47.18,,,,
12,12-30-2020,Totale vaccinazioni,,,,,,264696.0,219498.0,403085.0,4784787.0,652749.0,,356581.0,24997.0,188092.0,3114656.0,,15553.0,3349183.0,,,2110950.0
13,12-30-2020,Totale vaccinazioni ogni cento ab,,,,,,21.78,3.73,25.99,47.56,42.8,,66.89,4.62,4.32,77.3,,0.31,89.8,,,43.03
16,12-31-2020,Totale vaccinazioni,,,,2967024.0,2785480.0,1083794.0,2958570.0,1257317.0,8212423.0,204281.0,,76414.0,445185.0,4072405.0,334311.0,1154500.0,3525144.0,3532831.0,571853.0,52631.0,3039214.0
17,12-31-2020,Totale vaccinazioni ogni cento ab,,,,51.14,62.46,89.19,50.32,81.08,81.63,13.39,,14.34,82.23,93.48,8.3,70.41,70.5,94.72,64.83,41.88,61.95
20,01-01-2021,Totale vaccinazioni,,,,1557294.0,,,2545057.0,770765.0,3332066.0,,,246831.0,202094.0,4073443.0,2203132.0,778865.0,1097922.0,1336359.0,156101.0,,1788737.0
21,01-01-2021,Totale vaccinazioni ogni cento ab,,,,26.84,,,43.29,49.71,33.12,,,46.31,37.33,93.5,54.68,47.5,21.96,35.83,17.7,,36.46
24,01-02-2021,Totale vaccinazioni,290178.0,322813.0,1564751.0,4793804.0,3324499.0,897624.0,5116115.0,14878.0,8012984.0,391013.0,,272790.0,359514.0,3084474.0,34282.0,1132416.0,3765154.0,84563.0,684756.0,59571.0,3093726.0
25,01-02-2021,Totale vaccinazioni ogni cento ab,22.24,57.74,80.36,82.63,74.55,73.87,87.02,0.96,79.65,25.64,,51.18,66.41,70.8,0.85,69.07,75.3,2.27,77.64,47.4,63.06
28,01-03-2021,Totale vaccinazioni,589.0,97047.0,468373.0,2451985.0,4252779.0,353772.0,1480895.0,739242.0,6532480.0,1060676.0,,499009.0,301371.0,3004872.0,3295444.0,1058246.0,1884732.0,2229702.0,364796.0,,2321982.0
29,01-03-2021,Totale vaccinazioni ogni cento ab,0.05,17.36,24.05,42.26,95.36,29.11,25.19,47.67,64.93,69.54,,93.61,55.67,68.98,81.79,64.54,37.7,59.78,41.36,,47.33
32,01-04-2021,Totale vaccinazioni,744755.0,291933.0,161623.0,21389.0,661129.0,161053.0,1008146.0,648695.0,73786.0,642519.0,65683.0,185135.0,163422.0,515946.0,1614135.0,182037.0,427215.0,875057.0,593800.0,84023.0,1377346.0
33,01-04-2021,Totale vaccinazioni ogni cento ab,57.07,52.22,8.3,0.37,14.83,13.25,17.15,41.83,0.73,42.12,21.49,34.73,30.19,11.84,40.06,11.1,8.54,23.46,67.32,66.86,28.08
36,01-05-2021,Totale vaccinazioni,242018.0,204535.0,1084222.0,3607690.0,2440616.0,1194273.0,5969033.0,1106713.0,6499184.0,1280684.0,71601.0,87298.0,490883.0,3914918.0,3312710.0,832752.0,3295177.0,2312943.0,635351.0,55093.0,2381590.0
37,01-05-2021,Totale vaccinazioni ogni cento ab,18.55,36.58,55.68,62.18,54.73,98.28,101.53,71.37,64.6,83.96,23.43,16.38,90.67,89.87,82.22,50.79,65.9,62.02,72.03,43.84,48.55
40,01-06-2021,Totale vaccinazioni,1041308.0,486426.0,133116.0,1250419.0,126357.0,85065.0,862244.0,677181.0,4074851.0,858032.0,213499.0,475073.0,209897.0,1699375.0,2665336.0,758298.0,1269214.0,1596264.0,43715.0,99023.0,2263725.0
41,01-06-2021,Totale vaccinazioni ogni cento ab,79.8,87.0,6.84,21.55,2.83,7.0,14.67,43.67,40.5,56.25,69.86,89.12,38.77,39.01,66.15,46.25,25.38,42.8,4.96,78.8,46.14
44,01-07-2021,Totale vaccinazioni,529854.0,215525.0,886997.0,3913655.0,2728924.0,1047448.0,5151619.0,941517.0,6634376.0,93972.0,38915.0,86468.0,454894.0,4002125.0,1255980.0,1040346.0,3431142.0,3086114.0,490171.0,33414.0,3944729.0
45,01-07-2021,Totale vaccinazioni ogni cento ab,40.6,38.55,45.55,67.46,61.19,86.19,87.63,60.72,65.94,6.16,12.73,16.22,84.02,91.87,31.17,63.45,68.62,82.75,55.57,26.59,80.41
48,01-08-2021,Totale vaccinazioni,1051902.0,77453.0,523672.0,2489658.0,2498482.0,396196.0,1514413.0,1423022.0,4784673.0,959130.0,227509.0,320751.0,127976.0,1593941.0,2285671.0,566817.0,1421141.0,1734655.0,297657.0,12776.0,2187002.0
49,01-08-2021,Totale vaccinazioni ogni cento ab,80.61,13.85,26.89,42.91,56.03,32.6,25.76,91.77,47.56,62.88,74.44,60.17,23.64,36.59,56.73,34.57,28.42,46.51,33.75,10.17,44.58
52,01-09-2021,Totale vaccinazioni,850077.0,417188.0,1758404.0,5954569.0,2984234.0,1060457.0,4674328.0,417465.0,2081763.0,221350.0,89810.0,235357.0,133931.0,3617092.0,2082355.0,1296984.0,4444126.0,1019342.0,876636.0,71993.0,879551.0
53,01-09-2021,Totale vaccinazioni ogni cento ab,65.14,74.62,90.31,102.64,66.92,87.26,79.51,26.92,20.69,14.51,29.39,44.15,24.74,83.03,51.68,79.1,88.88,27.33,99.39,57.29,17.93
56,01-10-2021,Totale vaccinazioni,168756.0,72828.0,574875.0,3294585.0,1287323.0,577901.0,2549101.0,787439.0,7171165.0,1160654.0,307102.0,413378.0,325483.0,2337728.0,4184807.0,952813.0,3284829.0,2320632.0,796876.0,16833.0,4755031.0
57,01-10-2021,Totale vaccinazioni ogni cento ab,12.93,13.03,29.52,56.79,28.87,47.56,43.36,50.78,71.28,76.09,100.49,77.55,60.12,53.66,103.87,58.11,65.7,62.22,90.35,13.4,96.93
60,01-11-2021,Totale vaccinazioni,929791.0,351768.0,25396.0,181378.0,770619.0,204356.0,587234.0,773419.0,500527.0,499052.0,301393.0,305289.0,7752.0,818515.0,1503737.0,464491.0,1144645.0,593338.0,18466.0,89701.0,753364.0
61,01-11-2021,Totale vaccinazioni ogni cento ab,71.25,62.92,1.3,3.13,17.28,16.82,9.99,49.88,4.98,32.72,98.62,57.27,1.43,18.79,37.32,28.33,22.89,15.91,2.09,71.38,15.36
64,01-12-2021,Totale vaccinazioni,1254533.0,510919.0,1086299.0,5834265.0,2159363.0,593681.0,4470140.0,1272433.0,10818263.0,53313.0,25262.0,16458.0,391401.0,2414374.0,87447.0,1599844.0,3960888.0,2317630.0,765646.0,35485.0,3557471.0
65,01-12-2021,Totale vaccinazioni ogni cento ab,96.14,91.39,55.79,100.56,48.42,48.85,76.03,82.06,107.53,3.5,8.27,3.09,72.3,55.42,2.17,97.58,79.22,62.14,86.81,28.24,72.51
68,01-13-2021,Totale vaccinazioni,1312672.0,524669.0,375340.0,1298258.0,751393.0,518630.0,777638.0,380370.0,9933290.0,1306205.0,272806.0,266412.0,195868.0,1655931.0,4069844.0,1475772.0,1090353.0,1695274.0,38300.0,116297.0,2192987.0
69,01-13-2021,Totale vaccinazioni ogni cento ab,100.59,93.84,19.28,22.38,16.85,42.68,13.23,24.53,98.73,85.64,89.26,49.98,36.18,38.01,101.01,90.01,21.81,45.45,4.34,92.54,44.7
72,01-14-2021,Totale vaccinazioni,765424.0,388596.0,1124431.0,3937542.0,3877297.0,975836.0,5025614.0,383352.0,7831070.0,304330.0,103644.0,107680.0,317898.0,3588377.0,675874.0,1355274.0,3740246.0,3034394.0,794071.0,55330.0,3597588.0
73,01-14-2021,Totale vaccinazioni ogni cento ab,58.65,69.51,57.75,67.87,86.95,80.3,85.48,24.72,77.84,19.95,33.91,20.2,58.72,82.37,16.78,82.66,74.81,81.36,90.03,44.03,73.33
76,01-15-2021,Totale vaccinazioni,192870.0,8450.0,723637.0,2573531.0,883781.0,229224.0,1665779.0,1047999.0,6869393.0,1032837.0,281842.0,315073.0,378212.0,1514129.0,2759186.0,582658.0,1804260.0,2090723.0,412911.0,26936.0,2897660.0
77,01-15-2021,Totale vaccinazioni ogni cento ab,14.78,1.51,37.16,44.36,19.82,18.86,28.33,67.58,68.28,67.71,92.22,59.11,69.86,34.76,68.48,35.54,36.09,56.06,46.81,21.43,59.07
80,01-16-2021,Totale vaccinazioni,846070.0,323535.0,1454603.0,262753.0,3104753.0,329168.0,5058213.0,208084.0,528195.0,1397343.0,126874.0,228744.0,91110.0,569077.0,2135955.0,88474.0,18269.0,70922.0,626879.0,68292.0,399133.0
81,01-16-2021,Totale vaccinazioni ogni cento ab,64.83,57.87,74.7,4.53,69.62,27.09,86.04,13.42,5.25,91.61,41.51,42.91,16.83,13.06,53.01,5.4,0.37,1.9,71.07,54.34,8.14
84,01-17-2021,Totale vaccinazioni,423947.0,80144.0,812640.0,5137420.0,3971072.0,559253.0,3369380.0,1266071.0,7179516.0,1304098.0,6487.0,367062.0,266953.0,2220897.0,3187111.0,980209.0,2907360.0,3402902.0,571531.0,10613.0,2507000.0
85,01-17-2021,Totale vaccinazioni ogni cento ab,32.49,14.33,41.74,88.55,89.05,46.02,57.31,81.65,71.36,85.5,2.12,68.86,49.31,50.98,79.1,59.78,58.15,91.24,64.8,8.45,51.1
88,01-18-2021,Totale vaccinazioni,640019.0,342907.0,177952.0,566556.0,238076.0,159546.0,1592794.0,646079.0,4396827.0,207363.0,147127.0,334166.0,169072.0,548135.0,2354953.0,427683.0,428810.0,3384503.0,159811.0,99801.0,942954.0
89,01-18-2021,Totale vaccinazioni ogni cento ab,49.04,61.33,9.14,9.77,5.34,13.13,27.09,41.67,43.7,13.6,48.14,62.69,31.23,12.58,58.45,26.08,8.58,90.75,18.12,79.42,19.22
92,01-19-2021,Totale vaccinazioni,394686.0,244278.0,1149798.0,2798162.0,2487614.0,1227665.0,3374154.0,1016780.0,9086584.0,178443.0,58678.0,136415.0,514982.0,4278152.0,833631.0,1025249.0,2547069.0,2314049.0,460130.0,22832.0,3665320.0
93,01-19-2021,Totale vaccinazioni ogni cento ab,30.24,43.69,59.05,48.23,55.78,101.02,57.39,65.57,90.32,11.7,19.2,25.59,95.12,98.2,20.69,62.53,50.94,62.04,52.17,18.17,74.71
96,01-20-2021,Totale vaccinazioni,1092061.0,457339.0,468367.0,2421540.0,1379971.0,354520.0,1425054.0,831891.0,5779621.0,1488873.0,169826.0,475014.0,98891.0,1424264.0,2361052.0,607002.0,1583183.0,1639960.0,70857.0,95436.0,1001389.0
97,01-20-2021,Totale vaccinazioni ogni cento ab,83.68,81.8,24.05,41.74,30.94,29.17,24.24,53.65,57.45,97.61,55.57,89.11,18.27,32.69,58.6,37.02,31.66,43.97,8.03,75.94,20.41
100,01-21-2021,Totale vaccinazioni,530011.0,291325.0,1125398.0,3939635.0,4416352.0,876318.0,4668028.0,155029.0,6844170.0,76621.0,63406.0,464974.0,365446.0,3119864.0,3712.0,1172801.0,2654171.0,737919.0,700953.0,83881.0,3984350.0
101,01-21-2021,Totale vaccinazioni ogni cento ab,40.61,52.11,57.8,67.9,99.03,72.11,79.4,10.0,68.03,5.02,20.75,87.23,67.5,71.62,0.09,71.53,53.08,19.79,79.47,66.75,81.22
104,01-22-2021,Totale vaccinazioni,118.0,67.0,797963.0,2679921.0,4280186.0,408411.0,1892232.0,806802.0,5782775.0,1367063.0,264820.0,424554.0,488036.0,2641952.0,2760595.0,832835.0,1413021.0,2100176.0,326476.0,12477.0,3386774.0
105,01-22-2021,Totale vaccinazioni ogni cento ab,0.01,0.01,40.98,46.19,95.98,33.61,32.19,52.03,57.48,89.63,86.65,79.65,90.15,60.65,68.52,50.8,28.26,56.31,37.01,9.93,69.04
108,01-23-2021,Totale vaccinazioni,745019.0,328725.0,67483.0,1029676.0,312487.0,172966.0,857121.0,151075.0,2069334.0,232312.0,,87495.0,74608.0,614162.0,1957381.0,515872.0,1262972.0,174667.0,700345.0,,337051.0
109,01-23-2021,Totale vaccinazioni ogni cento ab,57.09,58.8,3.47,17.75,7.01,14.23,14.58,9.74,20.57,15.23,,16.41,13.78,14.1,48.58,31.46,25.26,4.68,79.4,,6.87
112,01-24-2021,Totale vaccinazioni,61165.0,120166.0,1045688.0,3382993.0,3258543.0,536613.0,5974730.0,1080984.0,5933867.0,1337765.0,,28414.0,289865.0,2142052.0,3126275.0,1088450.0,4256625.0,3080096.0,842082.0,,4139379.0
113,01-24-2021,Totale vaccinazioni ogni cento ab,4.69,21.49,53.7,58.31,73.07,44.16,101.63,69.71,58.98,87.71,,5.33,53.54,49.17,77.59,66.39,85.13,82.58,95.47,,84.38
116,01-25-2021,Totale vaccinazioni,1019172.0,351585.0,26475.0,342632.0,256784.0,311835.0,1522526.0,294270.0,4446427.0,957548.0,301712.0,445387.0,246788.0,2458637.0,3597762.0,677551.0,189801.0,727971.0,26324.0,101769.0,4523231.0
117,01-25-2021,Totale vaccinazioni ogni cento ab,78.1,62.89,1.36,5.91,5.76,25.66,25.9,18.98,44.2,62.78,98.72,83.55,45.58,56.44,89.3,41.32,3.8,19.52,2.98,80.98,92.2
120,01-26-2021,Totale vaccinazioni,560137.0,237788.0,1642296.0,5913231.0,3200197.0,1025635.0,3438673.0,1525058.0,9071219.0,2021.0,6937.0,33636.0,425985.0,3623423.0,214844.0,1462117.0,3708053.0,2724066.0,501135.0,34920.0,4045305.0
121,01-26-2021,Totale vaccinazioni ogni cento ab,42.92,42.53,84.34,101.92,71.76,84.4,58.49,98.35,90.17,0.13,2.27,6.31,78.69,83.17,5.33,89.18,74.16,73.04,56.82,27.79,82.46
124,01-27-2021,Totale vaccinazioni,1120491.0,17148.0,1623564.0,5511886.0,1092692.0,279440.0,2089536.0,1424766.0,2101895.0,792966.0,227079.0,464021.0,216924.0,1153195.0,4015242.0,354384.0,1085178.0,2358640.0,274558.0,15680.0,1697591.0
125,01-27-2021,Totale vaccinazioni ogni cento ab,85.86,3.07,83.38,95.0,24.5,23.0,35.54,91.88,20.89,51.99,74.3,87.05,40.07,26.47,99.66,21.61,21.7,63.24,31.13,12.48,34.6
128,01-28-2021,Totale vaccinazioni,928238.0,300116.0,1251051.0,4274542.0,4074914.0,996697.0,4793497.0,153923.0,512756.0,511921.0,101539.0,225904.0,7020.0,3995282.0,3840497.0,1094378.0,3636333.0,96492.0,694979.0,112919.0,833719.0
129,01-28-2021,Totale vaccinazioni ogni cento ab,71.13,53.68,64.25,73.68,91.38,82.02,81.53,9.93,5.1,33.56,33.22,42.38,1.3,91.71,95.32,66.75,72.73,2.59,78.79,89.86,16.99
132,01-29-2021,Totale vaccinazioni,215179.0,86066.0,780868.0,4078676.0,1081426.0,596093.0,1287029.0,830336.0,7405194.0,912402.0,256474.0,393629.0,326841.0,2420311.0,3041682.0,1091405.0,2270657.0,3219083.0,414141.0,19338.0,4802855.0
133,01-29-2021,Totale vaccinazioni ogni cento ab,16.49,15.39,40.1,70.3,24.25,49.05,21.89,53.55,73.61,59.82,83.92,73.84,60.37,55.56,75.49,66.57,45.41,86.31,46.95,15.39,97.9
136,01-30-2021,Totale vaccinazioni,1286483.0,529913.0,320889.0,192102.0,10081.0,2277.0,1659191.0,355394.0,1460856.0,262107.0,146582.0,266910.0,112951.0,313495.0,1571889.0,208502.0,678401.0,955707.0,126509.0,101622.0,1309506.0
137,01-30-2021,Totale vaccinazioni ogni cento ab,98.58,94.78,16.48,3.31,0.23,0.19,28.22,22.92,14.52,17.18,47.96,50.07,20.86,7.2,39.01,12.72,13.57,25.62,14.34,80.87,26.69
140,01-31-2021,Totale vaccinazioni,1267473.0,510702.0,995605.0,3507949.0,2903797.0,574961.0,2821266.0,1219815.0,10703283.0,398112.0,45274.0,,340742.0,2267736.0,158476.0,1610870.0,2116592.0,3301928.0,551362.0,24240.0,4222970.0
141,01-31-2021,Totale vaccinazioni ogni cento ab,97.13,91.35,51.13,60.46,65.12,47.31,47.99,78.67,106.39,26.1,14.81,,62.94,52.06,3.93,98.25,42.33,88.53,62.51,19.29,86.08
144,02-01-2021,Totale vaccinazioni,887993.0,473726.0,85002.0,2802146.0,234948.0,254224.0,727394.0,589440.0,4462496.0,733693.0,177421.0,290298.0,239801.0,1886083.0,2920771.0,584181.0,1831558.0,3390012.0,246820.0,104422.0,1878219.0
145,02-01-2021,Totale vaccinazioni ogni cento ab,68.05,84.73,4.37,48.3,5.27,20.92,12.37,38.01,44.36,48.1,58.05,54.46,44.29,43.29,72.49,35.63,36.63,90.89,27.98,83.09,38.29
148,02-02-2021,Totale vaccinazioni,324373.0,386476.0,1452200.0,4505235.0,3689323.0,1037216.0,5093370.0,210755.0,8897572.0,369388.0,126452.0,221485.0,414535.0,3233911.0,1001334.0,1411970.0,3734995.0,3076747.0,627821.0,43331.0,4351205.0
149,02-02-2021,Totale vaccinazioni ogni cento ab,24.86,69.13,74.58,77.65,82.73,85.35,86.64,13.59,88.44,24.22,41.38,41.55,76.57,74.23,24.85,86.12,74.7,82.49,71.18,34.48,88.69
152,02-03-2021,Totale vaccinazioni,287921.0,25666.0,585563.0,2189522.0,1999015.0,480595.0,1420241.0,987435.0,6287080.0,1490997.0,269173.0,297333.0,345589.0,1434464.0,3757321.0,652583.0,1720408.0,2086844.0,353864.0,13149.0,2512947.0
153,02-03-2021,Totale vaccinazioni ogni cento ab,22.06,4.59,30.07,37.74,44.83,39.55,24.16,63.68,62.49,97.75,88.08,55.78,63.83,32.93,93.26,39.8,34.41,55.95,40.12,10.46,51.22
156,02-04-2021,Totale vaccinazioni,926805.0,381077.0,1422598.0,1556375.0,3621070.0,38701.0,5354521.0,228018.0,1488684.0,206667.0,122933.0,116643.0,96043.0,119869.0,1127667.0,136692.0,1097103.0,559814.0,719194.0,80921.0,950341.0
157,02-04-2021,Totale vaccinazioni ogni cento ab,71.02,68.16,73.06,26.83,81.2,3.18,91.08,14.7,14.8,13.55,40.22,21.88,17.74,2.75,27.99,8.34,21.94,15.01,81.54,64.39,19.37
160,02-05-2021,Totale vaccinazioni,79000.0,31241.0,1129220.0,2755738.0,4356440.0,1196883.0,2989824.0,1234218.0,5310928.0,1069128.0,58505.0,351794.0,488841.0,4198971.0,3652242.0,844810.0,2229417.0,2375811.0,449537.0,294.0,2571589.0
161,02-05-2021,Totale vaccinazioni ogni cento ab,6.05,5.59,57.99,47.5,97.69,98.49,50.86,79.59,52.79,70.09,19.14,66.0,90.3,96.39,90.65,51.53,44.59,63.7,50.97,0.23,52.42
164,02-06-2021,Totale vaccinazioni,908249.0,451968.0,51152.0,1506104.0,742316.0,162207.0,637967.0,549438.0,4477760.0,530840.0,147012.0,269537.0,64753.0,1196249.0,2359504.0,310465.0,548741.0,1475964.0,100169.0,94582.0,30591.0
165,02-06-2021,Totale vaccinazioni ogni cento ab,69.6,80.84,2.63,25.96,16.65,13.35,10.85,35.43,44.51,34.8,48.1,50.57,11.96,27.46,58.56,18.94,10.98,39.57,11.36,75.26,0.62
168,02-07-2021,Totale vaccinazioni,395465.0,146620.0,1224032.0,3955744.0,2421902.0,613858.0,5979674.0,1334179.0,9078531.0,192995.0,25994.0,66032.0,,2711913.0,1579.0,1173920.0,2718006.0,3320021.0,666747.0,39715.0,3753056.0
169,02-07-2021,Totale vaccinazioni ogni cento ab,30.3,26.23,62.86,68.18,54.31,50.51,101.71,86.04,90.24,12.65,8.51,12.39,,62.25,0.04,71.6,54.36,89.02,75.59,31.6,76.5
172,02-08-2021,Totale vaccinazioni,909443.0,446400.0,842087.0,2420283.0,4285417.0,482951.0,1855582.0,736111.0,2965852.0,749238.0,230807.0,495119.0,151028.0,922709.0,2661384.0,319378.0,903829.0,791833.0,90355.0,95659.0,1840698.0
173,02-08-2021,Totale vaccinazioni ogni cento ab,69.69,79.84,43.25,41.72,96.1,39.74,31.56,47.47,29.48,49.12,75.52,92.88,27.9,21.18,66.05,19.48,18.08,21.23,10.24,76.12,37.52
176,02-09-2021,Totale vaccinazioni,580402.0,333726.0,1566909.0,5436331.0,3577894.0,1027477.0,4651333.0,196245.0,9906856.0,406414.0,133066.0,216388.0,386523.0,3684970.0,162316.0,1357559.0,3435488.0,67651.0,,62331.0,2947685.0
177,02-09-2021,Totale vaccinazioni ogni cento ab,44.48,59.69,80.47,93.7,80.23,84.55,79.12,12.66,98.47,26.65,43.54,40.59,71.4,84.59,4.03,82.8,68.71,1.81,,49.6,60.09
180,02-10-2021,Totale vaccinazioni,16215.0,17697.0,611536.0,1046652.0,1664170.0,250629.0,5687317.0,1441815.0,6261434.0,1237957.0,224305.0,383158.0,440417.0,2976662.0,3387408.0,1027207.0,1287447.0,2271150.0,841824.0,31194.0,2386343.0
181,02-10-2021,Totale vaccinazioni ogni cento ab,1.24,3.17,31.41,18.04,37.32,20.62,96.74,92.98,62.24,81.16,73.39,71.88,81.35,68.33,84.07,62.65,25.75,60.89,95.44,24.82,48.64
184,02-11-2021,Totale vaccinazioni,784829.0,304758.0,254338.0,477310.0,680662.0,256154.0,644964.0,34270.0,953035.0,595908.0,298906.0,216071.0,23349.0,161514.0,1818124.0,209813.0,670706.0,63163.0,857752.0,75305.0,824507.0
185,02-11-2021,Totale vaccinazioni ogni cento ab,60.14,54.51,13.06,8.23,15.26,21.08,10.97,2.21,9.47,39.07,97.8,40.53,4.31,3.71,45.13,12.8,13.41,1.69,97.25,59.92,16.81
188,02-12-2021,Totale vaccinazioni,364772.0,217925.0,967792.0,4068623.0,2670425.0,526760.0,2953277.0,1084865.0,5721191.0,1031066.0,39247.0,70105.0,254320.0,2814046.0,3035479.0,878635.0,2275243.0,2718673.0,501805.0,35183.0,4793832.0
189,02-12-2021,Totale vaccinazioni ogni cento ab,27.95,38.98,49.7,70.13,59.88,43.35,50.23,69.96,56.87,67.6,12.84,13.15,46.98,64.6,75.34,53.59,45.51,72.89,56.89,28.0,97.72
192,02-13-2021,Totale vaccinazioni,1313529.0,313001.0,503657.0,603422.0,551849.0,134198.0,1431666.0,1387022.0,3207517.0,790847.0,154511.0,252558.0,217461.0,1157349.0,2488139.0,225730.0,461049.0,1728708.0,6577.0,99588.0,1700857.0
193,02-13-2021,Totale vaccinazioni ogni cento ab,100.66,55.98,25.87,10.4,12.37,11.04,24.35,89.45,31.88,51.85,50.56,47.38,40.17,26.57,61.75,13.77,9.22,46.35,0.75,79.25,34.67
196,02-14-2021,Totale vaccinazioni,,510625.0,1624038.0,5905890.0,3155936.0,1006975.0,5099148.0,1311904.0,10798031.0,22777.0,,156409.0,409330.0,3996758.0,1161297.0,1611408.0,3760302.0,2181897.0,,108991.0,3533459.0
197,02-14-2021,Totale vaccinazioni ogni cento ab,,91.33,83.41,101.8,70.77,82.86,86.73,84.6,107.33,1.49,,29.34,75.61,91.74,28.82,98.28,75.21,58.5,,86.73,72.03
200,02-15-2021,Totale vaccinazioni,980860.0,85449.0,660141.0,1984192.0,1084330.0,460062.0,1278983.0,738508.0,3794040.0,712968.0,240570.0,323785.0,229198.0,1803345.0,3972129.0,606792.0,1835288.0,2238472.0,364526.0,30946.0,1882608.0
201,02-15-2021,Totale vaccinazioni ogni cento ab,75.16,15.28,33.9,34.2,24.32,37.86,21.75,47.63,37.71,46.74,78.72,60.74,42.34,41.4,98.59,37.01,36.71,60.02,41.33,24.63,38.37
204,02-16-2021,Totale vaccinazioni,767341.0,299209.0,1595999.0,5284978.0,3737345.0,926290.0,5237845.0,157456.0,286887.0,608886.0,67645.0,225033.0,8418.0,3334704.0,1566358.0,1112902.0,2957816.0,1206209.0,583025.0,61170.0,871623.0
205,02-16-2021,Totale vaccinazioni ogni cento ab,58.8,53.52,81.97,91.09,83.81,76.22,89.09,10.15,2.85,39.92,22.13,42.22,1.55,76.55,38.88,67.88,59.16,32.34,66.1,48.68,17.77
208,02-17-2021,Totale vaccinazioni,397536.0,69136.0,322758.0,3615080.0,2029505.0,676632.0,1912875.0,1087555.0,10564713.0,1292890.0,198532.0,411814.0,309516.0,2580641.0,3409612.0,1502594.0,3250158.0,1903854.0,355482.0,19020.0,2328004.0
209,02-17-2021,Totale vaccinazioni ogni cento ab,30.46,12.37,16.58,62.31,45.51,55.68,32.54,70.14,105.01,84.76,64.96,77.26,57.17,59.24,84.63,91.64,65.0,51.05,40.3,15.14,47.45
212,02-18-2021,Totale vaccinazioni,799340.0,445842.0,145179.0,1259499.0,386834.0,70795.0,674150.0,519796.0,2443275.0,284776.0,144494.0,299172.0,160188.0,980420.0,1792369.0,245598.0,1149978.0,1155938.0,248316.0,99372.0,1599916.0
213,02-18-2021,Totale vaccinazioni ogni cento ab,61.25,79.75,7.46,21.71,8.67,5.83,11.47,33.52,24.29,18.67,47.28,56.12,29.59,22.51,44.49,14.98,23.0,30.99,28.15,79.08,32.61
216,02-19-2021,Totale vaccinazioni,528249.0,217148.0,1105673.0,2965534.0,2783265.0,654384.0,3024668.0,938291.0,6648595.0,38892.0,31618.0,57294.0,401152.0,2491869.0,1300711.0,860701.0,2015842.0,3552846.0,410481.0,33706.0,3873074.0
217,02-19-2021,Totale vaccinazioni ogni cento ab,40.48,38.84,56.78,51.11,62.41,53.85,51.45,60.51,66.09,2.55,10.35,10.75,74.1,57.2,32.28,52.49,40.32,95.26,46.54,26.82,78.95
220,02-20-2021,Totale vaccinazioni,1062492.0,440543.0,7929.0,2180619.0,876031.0,408322.0,884132.0,713836.0,4735554.0,1488467.0,203530.0,258538.0,126525.0,4112829.0,2353108.0,923023.0,1714485.0,1270311.0,104367.0,98958.0,1430514.0
221,02-20-2021,Totale vaccinazioni ogni cento ab,81.42,78.8,0.41,37.59,19.64,33.6,15.04,46.03,47.07,97.59,66.6,48.5,23.37,94.41,58.4,56.3,34.29,34.06,11.83,78.75,29.16
224,02-21-2021,Totale vaccinazioni,500037.0,415741.0,1406424.0,5117600.0,3322120.0,877119.0,4711429.0,236195.0,9138882.0,178211.0,122175.0,,370452.0,3187998.0,418239.0,1282788.0,3882507.0,2596543.0,,51131.0,3877714.0
225,02-21-2021,Totale vaccinazioni ogni cento ab,38.32,74.36,72.23,88.21,74.5,72.18,80.14,15.23,90.84,11.68,39.98,,68.43,73.18,10.38,78.24,77.65,69.62,,40.69,79.04
228,02-22-2021,Totale vaccinazioni,77466.0,55311.0,587618.0,2102900.0,4318745.0,357005.0,2703974.0,720884.0,5322826.0,855828.0,272282.0,501929.0,302118.0,680998.0,3646606.0,517510.0,1912914.0,2711055.0,296470.0,610.0,2578603.0
229,02-22-2021,Totale vaccinazioni ogni cento ab,5.94,9.89,30.18,36.25,96.84,29.38,45.99,46.49,52.91,56.11,89.09,94.16,55.81,15.63,90.51,31.56,38.26,72.69,33.61,0.49,52.56
232,02-23-2021,Totale vaccinazioni,906639.0,353670.0,1456200.0,4499511.0,4462445.0,164851.0,4662424.0,476441.0,1289733.0,641006.0,133648.0,90095.0,65865.0,1205481.0,1954342.0,312030.0,1125661.0,630681.0,618250.0,62547.0,37974.0
233,02-23-2021,Totale vaccinazioni ogni cento ab,69.48,63.26,74.79,77.56,100.07,13.57,79.31,30.73,12.82,42.03,43.73,16.9,12.17,27.67,48.51,19.03,22.51,16.91,70.1,49.77,0.77
236,02-24-2021,Totale vaccinazioni,119628.0,53520.0,1088213.0,3600453.0,2431254.0,1173943.0,5852999.0,1269835.0,5216516.0,1118267.0,25928.0,342663.0,509804.0,2540774.0,2822938.0,906290.0,2652733.0,1980035.0,532113.0,24423.0,2476927.0
237,02-24-2021,Totale vaccinazioni ogni cento ab,9.17,9.57,55.89,62.06,54.52,96.6,99.56,81.89,51.85,73.32,8.48,64.28,94.17,58.32,70.06,55.28,53.06,53.09,60.33,19.43,50.49
240,02-25-2021,Totale vaccinazioni,621356.0,451061.0,526564.0,705754.0,185713.0,278169.0,874925.0,495006.0,2981146.0,612445.0,173307.0,493665.0,24990.0,237230.0,1864720.0,37795.0,596769.0,1228009.0,34269.0,91381.0,422207.0
241,02-25-2021,Totale vaccinazioni ogni cento ab,47.61,80.68,27.04,12.16,4.16,22.89,14.88,31.92,29.63,40.15,56.71,92.61,4.62,5.45,46.28,2.31,11.94,32.93,3.89,72.72,8.61
244,02-26-2021,Totale vaccinazioni,639894.0,220077.0,864424.0,3043587.0,2831678.0,674277.0,3251133.0,1123278.0,6715508.0,331330.0,22866.0,51407.0,317197.0,3551128.0,332675.0,1360357.0,3378224.0,2956712.0,636011.0,52209.0,3565767.0
245,02-26-2021,Totale vaccinazioni ogni cento ab,49.04,39.36,44.39,52.46,63.5,55.49,55.3,72.44,66.75,21.72,7.48,9.64,58.59,81.52,8.26,82.97,67.57,79.28,72.11,41.55,72.68
248,02-27-2021,Totale vaccinazioni,1217809.0,497598.0,1622088.0,1854583.0,1761215.0,224832.0,1903684.0,1439499.0,3444971.0,712001.0,152426.0,252240.0,201880.0,915795.0,2202984.0,780780.0,850973.0,1496769.0,149188.0,94293.0,2164613.0
249,02-27-2021,Totale vaccinazioni ogni cento ab,93.32,89.0,83.31,31.97,39.49,18.5,32.38,92.83,34.24,46.68,49.87,47.32,37.29,21.02,54.68,47.62,17.02,40.13,16.91,75.03,44.12
252,02-28-2021,Totale vaccinazioni,289626.0,321863.0,1760743.0,5901961.0,3071218.0,988992.0,5109407.0,237253.0,8123744.0,334166.0,95272.0,,391643.0,2696318.0,945865.0,1147616.0,4389252.0,57779.0,,86217.0,3537595.0
253,02-28-2021,Totale vaccinazioni ogni cento ab,22.19,57.57,90.43,101.73,68.87,81.38,86.91,15.3,80.75,21.91,31.17,,72.34,61.89,23.48,69.99,87.79,1.55,,68.61,72.11
256,03-01-2021,Totale vaccinazioni,64643.0,114861.0,537754.0,2049382.0,936875.0,371225.0,2692516.0,1055778.0,6060249.0,1331184.0,312812.0,361316.0,255557.0,2826156.0,4182458.0,1398101.0,1961043.0,2042496.0,817257.0,30682.0,4671851.0
257,03-01-2021,Totale vaccinazioni ogni cento ab,4.95,20.54,27.62,35.32,21.01,30.55,45.8,68.09,60.24,87.28,102.35,67.78,47.2,64.87,103.81,85.27,39.22,54.76,92.66,24.42,95.23
260,03-02-2021,Totale vaccinazioni,771306.0,276537.0,44381.0,110652.0,3531698.0,138420.0,1586524.0,69035.0,412325.0,353268.0,81160.0,187628.0,58049.0,435256.0,733103.0,417770.0,418787.0,869991.0,736046.0,89376.0,1442005.0
261,03-02-2021,Totale vaccinazioni ogni cento ab,59.11,49.46,2.28,1.91,79.2,11.39,26.99,4.45,4.1,23.16,26.56,35.2,10.72,9.99,18.2,25.48,8.38,23.33,83.45,71.12,29.39
264,03-03-2021,Totale vaccinazioni,124261.0,506276.0,1358635.0,5683085.0,3129414.0,793037.0,3430706.0,1111294.0,10372280.0,1279106.0,71152.0,162017.0,258090.0,2084282.0,3066879.0,1536625.0,2643362.0,2307694.0,522987.0,21668.0,2619115.0
265,03-03-2021,Totale vaccinazioni ogni cento ab,9.52,90.55,69.78,97.96,70.17,65.26,58.35,71.67,103.1,83.86,23.28,30.39,47.67,47.84,76.12,93.72,52.87,61.87,59.29,17.24,53.39
268,03-04-2021,Totale vaccinazioni,1325847.0,531800.0,238766.0,1780864.0,518265.0,141872.0,66993.0,681919.0,9962620.0,864570.0,164772.0,238835.0,162550.0,1817976.0,3927105.0,543037.0,980114.0,944873.0,70255.0,119611.0,2177595.0
269,03-04-2021,Totale vaccinazioni ogni cento ab,101.6,95.12,12.26,30.7,11.62,11.67,1.14,43.98,99.03,56.68,53.91,44.81,30.03,41.73,97.47,33.12,19.6,25.33,7.97,95.18,44.39
272,03-05-2021,Totale vaccinazioni,444845.0,87923.0,927597.0,3930468.0,1934770.0,1051223.0,5229484.0,966531.0,7510141.0,92163.0,13483.0,142425.0,453622.0,4017675.0,318907.0,1118104.0,2953616.0,3159604.0,518556.0,54943.0,3997686.0
273,03-05-2021,Totale vaccinazioni ogni cento ab,34.09,15.73,47.64,67.75,43.39,86.5,88.95,62.33,74.65,6.04,4.41,26.72,83.79,92.22,7.92,68.19,59.07,84.72,58.79,43.72,81.49
276,03-06-2021,Totale vaccinazioni,1250036.0,14852.0,535024.0,2696292.0,2519392.0,411911.0,1988370.0,804983.0,4905345.0,897577.0,268442.0,404767.0,198509.0,1645859.0,2280018.0,262043.0,1487511.0,2082622.0,326200.0,12798.0,1264259.0
277,03-06-2021,Totale vaccinazioni ogni cento ab,95.79,2.66,27.48,46.47,56.5,33.9,33.82,51.91,48.76,58.85,87.84,75.93,36.67,37.78,56.59,15.98,29.75,55.84,36.98,10.18,25.77
280,03-07-2021,Totale vaccinazioni,848593.0,416631.0,1509151.0,5021687.0,3035689.0,1082746.0,3856845.0,309900.0,2093851.0,396193.0,96404.0,169175.0,133741.0,4068527.0,1995685.0,1313329.0,3534405.0,90210.0,685601.0,101183.0,1313999.0
281,03-07-2021,Totale vaccinazioni ogni cento ab,65.03,74.52,77.51,86.56,68.07,89.1,65.6,19.99,20.81,25.98,31.54,31.74,24.7,93.39,49.53,80.1,70.69,2.42,77.73,80.52,26.78
284,03-08-2021,Totale vaccinazioni,61115.0,42283.0,688098.0,3330389.0,1827856.0,553877.0,4402294.0,760852.0,5845846.0,1066973.0,186883.0,418400.0,287011.0,2110327.0,3583373.0,1078822.0,2029333.0,3440096.0,169489.0,6677.0,3171769.0
285,03-08-2021,Totale vaccinazioni ogni cento ab,4.68,7.56,35.34,57.4,40.99,45.58,74.88,49.07,58.11,69.95,61.15,78.49,53.01,48.44,88.94,65.8,40.59,92.24,19.22,5.31,64.65
288,03-09-2021,Totale vaccinazioni,690272.0,350558.0,6491.0,97891.0,785377.0,310252.0,581692.0,712501.0,2585035.0,484047.0,202511.0,291492.0,33923.0,1289816.0,1639764.0,94003.0,1138816.0,498430.0,108455.0,98707.0,568358.0
289,03-09-2021,Totale vaccinazioni ogni cento ab,52.9,62.7,0.33,1.69,17.61,25.53,9.89,45.95,25.69,31.74,66.26,54.68,6.27,29.61,40.7,5.73,22.78,13.36,12.3,78.55,11.59
292,03-10-2021,Totale vaccinazioni,558595.0,236985.0,953219.0,3842090.0,2388006.0,1171419.0,4464726.0,1165363.0,8973021.0,177835.0,33355.0,40163.0,517387.0,4253316.0,561971.0,1382891.0,3956560.0,2701237.0,626662.0,51113.0,4300429.0
293,03-10-2021,Totale vaccinazioni ogni cento ab,42.81,42.39,48.96,66.22,53.55,96.4,75.94,75.15,89.19,11.66,10.91,7.53,95.57,97.63,13.95,84.34,79.13,72.43,71.05,40.67,87.66
296,03-11-2021,Totale vaccinazioni,876599.0,429704.0,272988.0,2120899.0,734722.0,194701.0,1360654.0,377612.0,4028150.0,1463759.0,212810.0,492167.0,182433.0,694895.0,2775408.0,523923.0,1077891.0,1612162.0,37851.0,84742.0,2110251.0
297,03-11-2021,Totale vaccinazioni ogni cento ab,67.17,76.86,14.02,36.56,16.48,16.02,23.14,24.35,40.04,95.97,69.63,92.33,33.7,15.95,68.88,31.95,21.56,43.23,4.29,67.43,43.01
300,03-12-2021,Totale vaccinazioni,607978.0,360499.0,1121781.0,4415873.0,4480751.0,896408.0,4642525.0,389568.0,8660266.0,302318.0,102998.0,165785.0,357143.0,3798274.0,1100318.0,1440621.0,4115383.0,3031139.0,776438.0,50675.0,3616246.0
301,03-12-2021,Totale vaccinazioni ogni cento ab,46.59,64.48,57.61,76.11,100.48,73.77,78.97,25.12,86.08,19.82,33.7,31.1,65.97,87.19,27.31,87.86,82.31,81.27,88.03,40.33,73.71
304,03-13-2021,Totale vaccinazioni,1023297.0,146242.0,720832.0,2634901.0,1166657.0,1140246.0,1217934.0,1297390.0,6742697.0,870374.0,281304.0,348599.0,470342.0,1565491.0,2812891.0,747928.0,2420072.0,2439723.0,412216.0,26718.0,2891785.0
305,03-13-2021,Totale vaccinazioni ogni cento ab,78.42,26.16,37.02,45.42,26.16,93.83,20.72,83.67,67.02,57.06,92.04,65.4,86.88,35.94,69.82,45.62,48.4,65.41,46.74,21.26,58.95
308,03-14-2021,Totale vaccinazioni,618304.0,253608.0,1521704.0,4365828.0,3113555.0,230622.0,6143858.0,95722.0,1277904.0,523872.0,118641.0,181034.0,40633.0,278566.0,2133447.0,38400.0,665467.0,1014857.0,765712.0,69873.0,414309.0
309,03-14-2021,Totale vaccinazioni ogni cento ab,47.38,45.36,78.15,75.25,69.82,18.98,104.5,6.17,12.7,34.35,38.82,33.96,7.51,6.39,52.95,2.34,13.31,27.21,86.81,55.6,8.45
312,03-15-2021,Totale vaccinazioni,423759.0,79815.0,1189956.0,5150766.0,2665111.0,563204.0,5961657.0,1293541.0,7321987.0,1222623.0,77168.0,362508.0,266702.0,2231577.0,3185801.0,983005.0,4294122.0,1798655.0,841110.0,8857.0,2783785.0
313,03-15-2021,Totale vaccinazioni ogni cento ab,32.47,14.28,61.11,88.78,59.76,46.35,101.4,83.42,72.78,80.16,25.25,68.01,49.26,51.23,79.07,59.95,85.88,48.23,95.36,7.05,56.74
316,03-16-2021,Totale vaccinazioni,673465.0,344818.0,48238.0,336886.0,250322.0,99290.0,559718.0,501089.0,758946.0,231755.0,300836.0,285054.0,144552.0,363159.0,1378943.0,451242.0,800419.0,1494785.0,147530.0,97213.0,1069926.0
317,03-16-2021,Totale vaccinazioni ogni cento ab,51.61,61.68,2.48,5.81,5.61,8.17,9.52,32.31,7.54,15.19,98.44,53.48,26.7,8.34,34.22,27.52,16.01,40.08,16.73,77.36,21.81
320,03-17-2021,Totale vaccinazioni,439496.0,244079.0,1712358.0,5598369.0,2615871.0,912612.0,4548145.0,1482865.0,9661010.0,152987.0,48954.0,129936.0,388594.0,2708830.0,1086036.0,1205015.0,2461112.0,2370061.0,488871.0,21413.0,3552240.0
321,03-17-2021,Totale vaccinazioni ogni cento ab,33.68,43.66,87.94,96.5,58.66,75.1,77.36,95.63,96.03,10.03,16.02,24.38,71.78,62.18,26.96,73.49,49.22,63.55,55.43,17.04,72.41
324,03-18-2021,Totale vaccinazioni,1147608.0,470156.0,1618080.0,5524062.0,1709059.0,374599.0,2054137.0,1446801.0,4194558.0,994047.0,221035.0,278630.0,118484.0,1484797.0,3879603.0,636894.0,1598543.0,1029322.0,251281.0,118259.0,892164.0
325,03-18-2021,Totale vaccinazioni ogni cento ab,87.94,84.09,83.1,95.21,38.32,30.83,34.94,93.3,41.69,65.17,72.32,52.27,21.89,34.08,96.29,38.84,31.97,27.6,28.49,94.11,18.19
328,03-19-2021,Totale vaccinazioni,234282.0,298302.0,1331253.0,4133370.0,3547623.0,739624.0,5484495.0,64961.0,7633483.0,149511.0,63400.0,189534.0,439528.0,3456965.0,596233.0,1125364.0,4102518.0,106634.0,795811.0,114474.0,4898345.0
329,03-19-2021,Totale vaccinazioni ogni cento ab,17.95,53.36,68.37,71.24,79.55,60.86,93.29,4.19,75.88,9.8,20.74,35.56,81.19,79.35,14.8,68.64,82.05,2.86,90.23,91.09,99.85
332,03-20-2021,Totale vaccinazioni,5420.0,9850.0,1186337.0,1978720.0,1530019.0,387827.0,2430225.0,1030691.0,5815369.0,1366573.0,286954.0,426312.0,256431.0,2096197.0,3050095.0,911484.0,1675428.0,2097310.0,342258.0,3160.0,4749997.0
333,03-20-2021,Totale vaccinazioni ogni cento ab,0.42,1.76,60.93,34.11,34.31,31.91,41.34,66.47,57.8,89.6,93.89,79.98,47.37,48.12,75.7,55.59,33.51,56.23,38.8,2.51,96.82
336,03-21-2021,Totale vaccinazioni,1300006.0,520693.0,1390880.0,1039747.0,2953345.0,152647.0,217867.0,150266.0,3201098.0,528377.0,118045.0,100677.0,52356.0,1300538.0,1453798.0,547067.0,544041.0,170701.0,777113.0,68055.0,394522.0
337,03-21-2021,Totale vaccinazioni ogni cento ab,99.62,93.13,71.43,17.92,66.23,12.56,3.71,9.69,31.82,34.64,38.63,18.89,9.67,29.85,36.08,33.37,10.88,4.58,88.11,54.16,8.04
340,03-22-2021,Totale vaccinazioni,156486.0,504528.0,1564585.0,3952816.0,1952417.0,557538.0,3783827.0,1333772.0,10109714.0,1336884.0,28788.0,58438.0,289317.0,2194773.0,3124605.0,1558081.0,2326007.0,2880460.0,571477.0,40275.0,2874554.0
341,03-22-2021,Totale vaccinazioni ogni cento ab,11.99,90.24,80.35,68.13,43.78,45.88,64.36,86.01,100.49,87.65,9.42,10.96,53.44,50.38,77.55,95.03,46.52,77.23,64.79,32.05,58.59
344,03-23-2021,Totale vaccinazioni,892824.0,411750.0,422476.0,419875.0,310039.0,327938.0,1270954.0,572282.0,4439403.0,748405.0,237767.0,446942.0,242249.0,561316.0,2612933.0,64638.0,90428.0,1196929.0,80058.0,96038.0,1092139.0
345,03-23-2021,Totale vaccinazioni ogni cento ab,68.42,73.65,21.7,7.24,6.95,26.99,21.62,36.91,44.13,49.07,77.8,83.85,44.75,12.88,64.85,3.94,1.81,32.09,9.08,76.42,22.26
348,03-24-2021,Totale vaccinazioni,579493.0,252598.0,820462.0,5370858.0,3256099.0,1010952.0,3950553.0,1243399.0,9894638.0,160067.0,1631.0,38895.0,385605.0,3638975.0,209478.0,1221418.0,3830174.0,2591438.0,469450.0,47444.0,3824566.0
349,03-24-2021,Totale vaccinazioni ogni cento ab,44.41,45.18,42.14,92.57,73.02,83.19,67.2,80.19,98.35,10.49,0.53,7.3,71.23,83.53,5.2,74.5,76.61,69.48,53.22,37.75,77.96
352,03-25-2021,Totale vaccinazioni,1119126.0,16735.0,695566.0,1577614.0,1620866.0,346082.0,2083417.0,770621.0,2247076.0,1470461.0,185504.0,463936.0,249663.0,1391731.0,2624648.0,379319.0,964887.0,2494389.0,306653.0,31583.0,1814694.0
353,03-25-2021,Totale vaccinazioni ogni cento ab,85.76,2.99,35.72,27.19,36.35,28.48,35.44,49.7,22.34,96.41,60.7,87.03,46.12,31.95,65.14,23.13,19.3,66.88,34.77,25.13,36.99
356,03-26-2021,Totale vaccinazioni,828165.0,312201.0,1179620.0,4922645.0,4226301.0,892306.0,4958019.0,9337.0,1090004.0,463425.0,144175.0,205208.0,11651.0,3849875.0,1626137.0,999660.0,3627304.0,487299.0,684452.0,60069.0,629565.0
357,03-26-2021,Totale vaccinazioni ogni cento ab,63.46,55.84,60.58,84.85,94.77,73.43,84.33,0.6,10.83,30.38,47.18,38.5,2.15,88.37,40.36,60.97,72.55,13.07,77.6,47.8,12.83
360,03-27-2021,Totale vaccinazioni,240403.0,137897.0,669222.0,3718539.0,1221399.0,1179320.0,1652177.0,896839.0,6531626.0,1048851.0,248684.0,345714.0,502645.0,4271700.0,3307600.0,866434.0,2261474.0,2134648.0,310904.0,28476.0,3257389.0
361,03-27-2021,Totale vaccinazioni ogni cento ab,18.42,24.66,34.37,64.09,27.39,97.05,28.1,57.84,64.92,68.76,81.37,64.86,92.85,98.06,82.09,52.84,45.23,57.23,35.25,22.66,66.4
364,03-28-2021,Totale vaccinazioni,726840.0,427910.0,70173.0,15563.0,176464.0,157585.0,1775609.0,356535.0,20485.0,260201.0,146121.0,334735.0,74031.0,489565.0,1675290.0,181450.0,689381.0,951085.0,124934.0,84545.0,660867.0
365,03-28-2021,Totale vaccinazioni ogni cento ab,55.7,76.54,3.6,0.27,3.96,12.97,30.2,22.99,0.2,17.06,47.81,62.8,13.67,11.24,41.58,11.07,13.79,25.5,14.16,67.28,13.47
368,03-29-2021,Totale vaccinazioni,492589.0,203588.0,994489.0,3243219.0,3317670.0,844325.0,5940702.0,1219191.0,8700313.0,268001.0,45006.0,166956.0,362008.0,3058011.0,575514.0,819587.0,2885619.0,2225746.0,550304.0,49013.0,4254423.0
369,03-29-2021,Totale vaccinazioni ogni cento ab,37.75,36.41,51.07,55.9,74.4,69.48,101.05,78.63,86.48,17.57,14.73,31.32,66.87,70.2,14.28,49.99,57.71,59.68,62.39,39.0,86.72
372,03-30-2021,Totale vaccinazioni,1039475.0,480994.0,398911.0,2824198.0,653813.0,490181.0,294618.0,643936.0,4067789.0,732331.0,176859.0,476372.0,253307.0,1976509.0,2916805.0,756685.0,2407862.0,1450390.0,294497.0,106099.0,1918570.0
373,03-30-2021,Totale vaccinazioni ogni cento ab,79.66,86.03,20.49,48.68,14.66,40.34,5.01,41.53,40.43,48.01,57.87,89.37,46.79,45.37,72.39,46.15,48.16,38.89,33.39,84.43,39.11
376,03-31-2021,Totale vaccinazioni,342235.0,256708.0,1465304.0,4528422.0,4130342.0,1045355.0,5143868.0,269744.0,8939729.0,115078.0,89360.0,28402.0,425442.0,3293360.0,996989.0,1266881.0,3422210.0,2846098.0,581717.0,40830.0,4434980.0
377,03-31-2021,Totale vaccinazioni ogni cento ab,26.23,45.92,75.25,78.05,92.62,86.02,87.49,17.4,88.86,7.54,29.24,5.33,78.58,75.6,24.74,77.27,68.45,76.31,65.95,32.49,90.4
380,04-01-2021,Totale vaccinazioni,1186957.0,24996.0,360157.0,2214202.0,2022967.0,505367.0,5514191.0,1459228.0,6330064.0,955951.0,228978.0,449729.0,176231.0,2036989.0,3752282.0,676960.0,4160982.0,1789957.0,815753.0,13927.0,2353346.0
381,04-01-2021,Totale vaccinazioni ogni cento ab,90.96,4.47,18.5,38.16,45.36,41.59,93.79,94.1,62.92,62.67,74.92,84.37,32.55,46.76,93.13,41.29,83.22,47.99,92.49,11.08,47.97
384,04-02-2021,Totale vaccinazioni,925123.0,379977.0,1311782.0,4636217.0,3994467.0,77389.0,3468075.0,94063.0,3299821.0,228236.0,291312.0,196235.0,156111.0,942838.0,918069.0,145671.0,1283093.0,379042.0,874919.0,77955.0,1518362.0
385,04-02-2021,Totale vaccinazioni ogni cento ab,70.89,67.96,67.37,79.91,89.57,6.37,58.99,6.07,32.8,14.96,95.32,36.81,28.84,21.64,22.79,8.88,25.66,10.16,99.2,62.03,30.95
388,04-03-2021,Totale vaccinazioni,30033.0,30251.0,1248781.0,3315702.0,2748863.0,725288.0,3014621.0,1080228.0,5572095.0,1181950.0,314585.0,461785.0,312429.0,2332523.0,3593933.0,849478.0,2245829.0,2353805.0,151285.0,2952.0,4736975.0
389,04-03-2021,Totale vaccinazioni ogni cento ab,2.3,5.41,64.13,57.15,61.64,59.68,51.28,69.66,55.39,77.49,102.93,86.63,57.71,53.54,89.2,51.81,44.92,63.11,17.15,2.35,96.56
392,04-04-2021,Totale vaccinazioni,1188589.0,503338.0,185371.0,1702169.0,761272.0,,953450.0,1417479.0,1657089.0,666144.0,219878.0,,,784047.0,786104.0,397104.0,744749.0,1489886.0,137049.0,90273.0,121546.0
393,04-04-2021,Totale vaccinazioni ogni cento ab,91.08,90.03,9.52,29.34,17.07,,16.22,91.41,16.47,43.67,71.95,,,18.0,19.51,24.22,14.9,39.95,15.54,71.84,2.48
396,04-05-2021,Totale vaccinazioni,1252728.0,170488.0,1691571.0,5586779.0,2297362.0,591424.0,3580735.0,1182131.0,10693542.0,135680.0,42973.0,10324.0,439563.0,3471706.0,588267.0,1613443.0,3482437.0,3317213.0,666693.0,110359.0,4038384.0
397,04-05-2021,Totale vaccinazioni ogni cento ab,96.0,30.49,86.88,96.3,51.52,48.67,60.91,76.24,106.29,8.9,14.06,1.94,81.19,79.69,14.6,98.41,69.65,88.94,75.59,87.82,82.32
400,04-06-2021,Totale vaccinazioni,969909.0,405333.0,840229.0,927714.0,1554766.0,525305.0,2410759.0,734132.0,3596655.0,742567.0,230472.0,311791.0,191453.0,877129.0,4083693.0,284487.0,1411739.0,787734.0,123839.0,118123.0,1869658.0
401,04-06-2021,Totale vaccinazioni ogni cento ab,74.32,72.5,43.15,15.99,34.86,43.23,41.01,47.34,35.75,48.68,75.41,58.49,35.36,20.13,101.36,17.35,28.24,21.12,14.04,94.0,38.11
404,04-07-2021,Totale vaccinazioni,460441.0,389808.0,1082699.0,4553393.0,3573740.0,966036.0,5051606.0,472635.0,9454298.0,406290.0,138629.0,186933.0,336583.0,3750177.0,103151.0,1343813.0,3117073.0,259419.0,616559.0,62080.0,4175392.0
405,04-07-2021,Totale vaccinazioni ogni cento ab,35.28,69.72,55.6,78.48,80.14,79.49,85.93,30.48,93.97,26.64,45.36,35.07,62.17,86.08,2.56,81.96,62.34,6.96,69.9,49.4,85.11
408,04-08-2021,Totale vaccinazioni,145409.0,56078.0,609022.0,1104568.0,1695384.0,238068.0,2541502.0,875338.0,10162095.0,1272407.0,195323.0,372535.0,443558.0,3001813.0,3636971.0,1571518.0,1229686.0,2038022.0,383016.0,25007.0,2418709.0
409,04-08-2021,Totale vaccinazioni ogni cento ab,11.14,10.03,31.28,19.04,38.02,19.59,43.23,56.45,101.01,83.42,63.91,69.89,81.93,68.91,90.27,95.85,24.59,54.64,43.43,19.9,49.3
412,04-09-2021,Totale vaccinazioni,918431.0,387627.0,1473256.0,735798.0,3679849.0,264070.0,1245576.0,257818.0,1541084.0,662320.0,130356.0,208145.0,22214.0,187361.0,1814427.0,116462.0,69489.0,523031.0,713079.0,75542.0,453400.0
413,04-09-2021,Totale vaccinazioni ogni cento ab,70.38,69.33,75.66,12.68,82.52,21.73,21.19,16.63,15.32,43.42,42.65,39.05,4.1,4.3,45.03,7.1,1.39,14.02,80.85,60.11,9.24
416,04-10-2021,Totale vaccinazioni,394575.0,266904.0,832108.0,3108306.0,2691346.0,827025.0,2982506.0,1265205.0,5773941.0,1059769.0,57912.0,75501.0,350371.0,3880024.0,3738347.0,889127.0,2906054.0,3544554.0,485542.0,52613.0,2975151.0
417,04-10-2021,Totale vaccinazioni ogni cento ab,30.24,47.74,42.74,53.58,60.35,68.06,50.73,81.59,57.39,69.48,18.95,14.16,64.72,89.06,92.78,54.23,58.12,95.04,55.05,41.87,60.64
420,04-11-2021,Totale vaccinazioni,1234282.0,502728.0,460057.0,529161.0,676407.0,49483.0,664132.0,416130.0,3332042.0,1457124.0,148323.0,255282.0,200849.0,510388.0,2263869.0,121860.0,15369.0,2046141.0,159198.0,100280.0,1835695.0
421,04-11-2021,Totale vaccinazioni ogni cento ab,94.58,89.92,23.63,9.12,15.17,4.07,11.3,26.84,33.12,95.53,48.53,47.89,37.1,11.72,56.19,7.43,0.31,54.86,18.05,79.8,37.42
424,04-12-2021,Totale vaccinazioni,517593.0,210718.0,1148679.0,4790131.0,2075897.0,1034749.0,3652132.0,1015406.0,9133829.0,390557.0,62216.0,169061.0,365093.0,3080935.0,63557.0,1132356.0,3759247.0,2497010.0,460028.0,35971.0,3087982.0
425,04-12-2021,Totale vaccinazioni ogni cento ab,39.66,37.69,58.99,82.56,46.55,85.15,62.12,65.48,90.79,25.61,20.36,31.72,67.44,70.72,1.58,69.06,75.19,66.95,52.16,28.62,62.94
428,04-13-2021,Totale vaccinazioni,1091614.0,114311.0,466962.0,2448149.0,4250016.0,353460.0,1506682.0,921775.0,4608925.0,813556.0,190517.0,501403.0,98599.0,1417663.0,2424752.0,788396.0,1904967.0,859392.0,363159.0,27309.0,2277753.0
429,04-13-2021,Totale vaccinazioni ogni cento ab,83.65,20.45,23.98,42.2,95.3,29.09,25.63,59.44,45.81,53.34,62.34,94.06,18.21,32.54,60.18,48.08,38.1,23.04,41.17,21.73,46.43
432,04-14-2021,Totale vaccinazioni,743352.0,291295.0,1594256.0,4663867.0,4414187.0,1204124.0,4740748.0,187429.0,67678.0,652732.0,67489.0,184627.0,73278.0,4305825.0,1671749.0,1162760.0,3078942.0,895240.0,601951.0,58685.0,1370609.0
433,04-14-2021,Totale vaccinazioni ogni cento ab,56.96,52.1,81.88,80.39,98.98,99.09,80.64,12.09,0.67,42.79,22.08,34.64,13.54,98.84,41.49,70.92,61.58,24.0,68.25,46.7,27.94
436,04-15-2021,Totale vaccinazioni,249836.0,7633.0,351483.0,3649423.0,2326711.0,1185834.0,5679121.0,861551.0,6491327.0,1291062.0,245941.0,356193.0,494085.0,3909545.0,3345412.0,831431.0,3316728.0,1895678.0,222546.0,14737.0,2374259.0
437,04-15-2021,Totale vaccinazioni ogni cento ab,19.14,1.37,18.05,62.9,52.17,97.58,96.6,55.56,64.52,84.64,80.47,66.82,91.26,89.74,83.03,50.71,66.34,50.83,25.23,11.73,48.4
440,04-16-2021,Totale vaccinazioni,871105.0,489747.0,143328.0,511637.0,118070.0,84352.0,849908.0,675517.0,1984515.0,446116.0,215930.0,479323.0,158977.0,1008811.0,1787987.0,515812.0,1258535.0,317749.0,59519.0,77082.0,1624365.0
441,04-16-2021,Totale vaccinazioni ogni cento ab,66.75,87.6,7.36,8.82,2.65,6.94,14.46,43.56,19.73,29.25,70.65,89.92,29.37,23.16,44.38,31.46,25.17,8.52,6.75,61.34,33.11
444,04-17-2021,Totale vaccinazioni,524949.0,201118.0,904664.0,2860382.0,2718649.0,821976.0,4618524.0,954519.0,6697108.0,979658.0,19330.0,85550.0,457127.0,2931255.0,1295976.0,842912.0,2446071.0,2785040.0,634497.0,33138.0,3936369.0
445,04-17-2021,Totale vaccinazioni ogni cento ab,40.23,35.97,46.46,49.3,60.96,67.64,78.56,61.56,66.57,64.23,6.32,16.05,84.44,67.29,32.17,51.41,48.92,74.67,71.94,26.37,80.24
448,04-18-2021,Totale vaccinazioni,1057715.0,439380.0,183801.0,2479205.0,1238903.0,393875.0,382304.0,1420092.0,4771958.0,967954.0,160201.0,261648.0,197723.0,1588418.0,2350139.0,563560.0,1440962.0,736330.0,17163.0,82661.0,1641879.0
449,04-18-2021,Totale vaccinazioni ogni cento ab,81.05,78.59,9.44,42.73,27.78,32.41,6.5,91.58,47.43,63.46,52.42,49.09,36.52,36.46,58.33,34.37,28.82,19.74,1.95,65.78,33.47
452,04-19-2021,Totale vaccinazioni,498819.0,214884.0,1756425.0,5944002.0,2974246.0,1057944.0,4704438.0,430301.0,9199000.0,22038.0,91638.0,78287.0,459752.0,3610915.0,642408.0,1292972.0,4521738.0,2764505.0,881669.0,56804.0,4019230.0
453,04-19-2021,Totale vaccinazioni ogni cento ab,38.22,38.44,90.21,102.45,66.69,87.06,80.02,27.75,91.44,1.44,29.98,14.69,84.92,82.89,15.94,78.86,90.44,74.12,99.96,45.2,81.93
456,04-20-2021,Totale vaccinazioni,845135.0,76899.0,582733.0,1918215.0,1850481.0,467187.0,2644683.0,801679.0,7160646.0,803718.0,309424.0,413376.0,226340.0,1115938.0,4205974.0,814851.0,1116916.0,2338791.0,273718.0,16613.0,4596285.0
457,04-20-2021,Totale vaccinazioni ogni cento ab,64.76,13.75,29.93,33.06,41.5,38.44,44.98,51.7,71.18,52.69,101.25,77.55,41.81,25.62,104.39,49.7,22.34,62.71,31.03,13.22,93.69
460,04-21-2021,Totale vaccinazioni,936178.0,289251.0,1303254.0,4304775.0,3795149.0,202474.0,4102430.0,284015.0,484261.0,509835.0,298612.0,172188.0,6490.0,809777.0,1526869.0,463309.0,3101327.0,622958.0,662445.0,66639.0,785719.0
461,04-21-2021,Totale vaccinazioni ogni cento ab,71.74,51.74,66.93,74.2,85.1,16.66,69.78,18.32,4.81,33.43,97.71,32.3,1.2,18.59,37.9,28.26,62.03,16.7,75.11,53.03,16.02
464,04-22-2021,Totale vaccinazioni,152140.0,61122.0,1652070.0,5829050.0,2149887.0,602883.0,4441391.0,1286296.0,10345303.0,1114733.0,198460.0,396553.0,333958.0,2404297.0,3031267.0,1598979.0,3942632.0,1969664.0,370243.0,20406.0,3461719.0
465,04-22-2021,Totale vaccinazioni ogni cento ab,11.66,10.93,84.85,100.47,48.21,49.61,75.55,82.95,102.83,73.08,64.94,74.39,61.69,55.19,75.24,97.52,78.85,52.81,41.98,16.24,70.56
468,04-23-2021,Totale vaccinazioni,1284972.0,529206.0,373281.0,635747.0,88841.0,221301.0,815472.0,371213.0,1363265.0,637692.0,277187.0,303715.0,112565.0,69662.0,3870026.0,194899.0,331780.0,1720922.0,32937.0,115960.0,864979.0
469,04-23-2021,Totale vaccinazioni ogni cento ab,98.47,94.66,19.17,10.96,1.99,18.21,13.87,23.94,13.55,41.81,90.7,56.98,20.79,1.6,96.05,11.89,6.64,46.14,3.73,92.28,17.63
472,04-24-2021,Totale vaccinazioni,764894.0,186372.0,861340.0,3079951.0,2860313.0,661066.0,2946427.0,1119512.0,7804142.0,327653.0,22303.0,9279.0,315979.0,3578623.0,671802.0,1354169.0,3281294.0,3073005.0,764812.0,56052.0,3590525.0
473,04-24-2021,Totale vaccinazioni ogni cento ab,58.61,33.34,44.24,53.09,64.14,54.4,50.12,72.2,77.57,21.48,7.3,1.74,58.37,82.15,16.67,82.59,65.63,82.39,86.71,44.6,73.19
476,04-25-2021,Totale vaccinazioni,1050376.0,392796.0,739524.0,1290238.0,1783566.0,227204.0,1690304.0,1049934.0,1708589.0,1041436.0,219625.0,264721.0,209855.0,1505029.0,2188762.0,581099.0,1825652.0,1691212.0,226903.0,92230.0,2211306.0
477,04-25-2021,Totale vaccinazioni ogni cento ab,80.49,70.26,37.98,22.24,39.99,18.7,28.75,67.71,16.98,68.28,71.86,49.66,38.76,34.55,54.32,35.44,36.51,45.35,25.73,73.39,45.07
480,04-26-2021,Totale vaccinazioni,311606.0,328001.0,1559625.0,5009714.0,3099125.0,994456.0,5087459.0,206806.0,8211709.0,75702.0,128032.0,234745.0,400223.0,2638087.0,1369071.0,1154468.0,3729724.0,81065.0,706348.0,70588.0,3158138.0
481,04-26-2021,Totale vaccinazioni ogni cento ab,23.88,58.67,80.1,86.35,69.5,81.83,86.53,13.34,81.62,4.96,41.89,44.04,73.93,60.56,33.98,70.41,74.6,2.17,80.08,56.17,64.37
484,04-27-2021,Totale vaccinazioni,201956.0,175215.0,318700.0,2521817.0,1815666.0,444180.0,2675398.0,985119.0,9540312.0,1302481.0,270769.0,364734.0,281088.0,2217382.0,3242969.0,979350.0,1746824.0,3400366.0,353140.0,10482.0,2505067.0
485,04-27-2021,Totale vaccinazioni ogni cento ab,15.48,31.34,16.37,43.47,40.71,36.55,45.51,63.53,94.83,85.39,88.6,68.42,51.92,50.9,80.49,59.73,34.94,91.17,40.04,8.34,51.06
488,04-28-2021,Totale vaccinazioni,660351.0,275737.0,1418983.0,565597.0,3828867.0,172152.0,1625737.0,225201.0,623934.0,457044.0,76336.0,129354.0,173325.0,541971.0,1451104.0,426780.0,458072.0,1147116.0,718461.0,82139.0,70383.0
489,04-28-2021,Totale vaccinazioni ogni cento ab,50.6,49.32,72.88,9.75,85.86,14.17,27.65,14.52,6.2,29.96,24.98,24.27,32.02,12.44,36.02,26.03,9.16,30.76,81.46,65.36,1.43
492,04-29-2021,Totale vaccinazioni,181432.0,242621.0,1141681.0,2797067.0,2485568.0,1192595.0,3412843.0,1003017.0,6984938.0,1547964.0,60917.0,135562.0,486362.0,4161248.0,3500742.0,934143.0,2628800.0,2571422.0,465346.0,37262.0,2563211.0
493,04-29-2021,Totale vaccinazioni ogni cento ab,13.9,43.4,58.63,48.21,55.74,98.14,58.05,64.68,69.43,101.49,19.93,25.43,89.84,95.52,86.89,56.97,52.58,68.95,52.76,29.65,52.25
496,04-30-2021,Totale vaccinazioni,1085721.0,457254.0,176654.0,1548432.0,162963.0,46050.0,479794.0,706569.0,4726215.0,1450008.0,172765.0,474396.0,103823.0,645991.0,2396009.0,295681.0,404039.0,1680154.0,65771.0,95413.0,1000351.0
497,04-30-2021,Totale vaccinazioni ogni cento ab,83.2,81.79,9.07,26.69,3.65,3.79,8.16,45.57,46.98,95.07,56.53,89.0,19.18,14.83,59.47,18.03,8.08,45.05,7.46,75.93,20.39
500,05-01-2021,Totale vaccinazioni,540745.0,157223.0,921360.0,4710213.0,4347150.0,875422.0,4586123.0,961662.0,6838680.0,85939.0,12264.0,164121.0,370297.0,3112996.0,31331.0,1172674.0,2678612.0,3142726.0,513938.0,57744.0,3704178.0
501,05-01-2021,Totale vaccinazioni ogni cento ab,41.44,28.12,47.32,81.19,97.48,72.04,78.01,62.02,67.98,5.63,4.01,30.79,68.4,71.46,0.78,71.52,53.57,84.26,58.27,45.95,75.51
504,05-02-2021,Totale vaccinazioni,1113335.0,4247.0,988724.0,2678396.0,4278357.0,1147144.0,1888224.0,810780.0,4561267.0,1315107.0,266714.0,424306.0,469507.0,903122.0,2484412.0,317912.0,1656841.0,1217376.0,339939.0,12421.0,1211006.0
505,05-02-2021,Totale vaccinazioni ogni cento ab,85.31,0.76,50.78,46.17,95.94,94.4,32.12,52.29,45.34,86.22,87.27,79.6,86.72,20.73,61.66,19.39,33.14,32.64,38.54,9.88,24.68
508,05-03-2021,Totale vaccinazioni,756166.0,333235.0,1386428.0,5062467.0,3064399.0,973252.0,6063891.0,149716.0,2068218.0,256076.0,114571.0,89326.0,78868.0,3538844.0,1990702.0,1182106.0,4467423.0,223593.0,700065.0,101119.0,1354691.0
509,05-03-2021,Totale vaccinazioni ogni cento ab,57.95,59.6,71.2,87.26,68.72,80.09,103.14,9.66,20.56,16.79,37.49,16.76,14.57,81.23,49.41,72.1,89.35,6.0,79.37,80.47,27.61
512,05-04-2021,Totale vaccinazioni,55963.0,40821.0,797304.0,3378871.0,966150.0,536308.0,5840949.0,824430.0,5932668.0,1362395.0,306832.0,421849.0,285600.0,2138899.0,3568378.0,1088360.0,4283452.0,2289465.0,811381.0,7812.0,4135262.0
513,05-04-2021,Totale vaccinazioni ogni cento ab,4.29,7.3,40.95,58.24,21.67,44.13,99.35,53.17,58.97,89.32,100.4,79.14,52.75,49.1,88.57,66.38,85.67,61.39,91.99,6.22,84.29
516,05-05-2021,Totale vaccinazioni,685095.0,349152.0,40009.0,1349430.0,815487.0,182729.0,1569332.0,307985.0,2672972.0,607599.0,304127.0,444900.0,90791.0,1332774.0,2034850.0,104163.0,216102.0,56130.0,25676.0,87255.0,198944.0
517,05-05-2021,Totale vaccinazioni ogni cento ab,52.5,62.45,2.05,23.26,18.29,15.04,26.69,19.86,26.57,39.84,99.51,83.46,16.77,30.59,50.5,6.35,4.32,1.5,2.91,69.43,4.06
520,05-06-2021,Totale vaccinazioni,573111.0,371107.0,1665335.0,5891549.0,3191863.0,699615.0,3364487.0,1522570.0,9062876.0,1029484.0,9616.0,45344.0,431518.0,2778443.0,301218.0,1395837.0,3407691.0,2755408.0,645461.0,48520.0,4092286.0
521,05-06-2021,Totale vaccinazioni ogni cento ab,43.92,66.38,85.53,101.55,71.57,57.57,57.23,98.19,90.08,67.5,3.15,8.51,79.71,63.78,7.48,85.13,68.16,73.88,73.18,38.61,83.42
524,05-07-2021,Totale vaccinazioni,1017568.0,425767.0,502258.0,1840635.0,347768.0,290070.0,1335282.0,1385942.0,4167165.0,789754.0,159118.0,435113.0,223461.0,1149002.0,4065300.0,352970.0,1062458.0,1397780.0,118553.0,115038.0,1690450.0
525,05-07-2021,Totale vaccinazioni ogni cento ab,77.98,76.15,25.79,31.73,7.8,23.87,22.71,89.38,41.42,51.78,52.06,81.63,41.28,26.37,100.9,21.53,21.25,37.48,13.44,91.54,34.46
528,05-08-2021,Totale vaccinazioni,486881.0,235304.0,1269514.0,4265709.0,4064659.0,1006974.0,4885513.0,291543.0,7918823.0,219634.0,296743.0,160836.0,409084.0,3989695.0,1250263.0,1475198.0,3698498.0,3014160.0,693731.0,109895.0,4844322.0
529,05-08-2021,Totale vaccinazioni ogni cento ab,37.31,42.09,65.2,73.53,91.15,82.86,83.1,18.8,78.71,14.4,97.1,30.17,75.56,91.58,31.03,89.97,73.97,80.82,78.65,87.45,98.75
532,05-09-2021,Totale vaccinazioni,979065.0,84827.0,778803.0,3286420.0,1071012.0,297432.0,2235411.0,827254.0,7391700.0,891840.0,258527.0,400794.0,228664.0,1766180.0,3008238.0,590307.0,2222675.0,3241617.0,419894.0,20980.0,4631356.0
533,05-09-2021,Totale vaccinazioni ogni cento ab,75.03,15.17,40.0,56.65,24.02,24.48,38.02,53.35,73.47,58.47,84.59,75.19,42.24,40.54,74.66,36.0,44.45,86.91,47.61,16.7,94.4
536,05-10-2021,Totale vaccinazioni,1277580.0,515723.0,1549441.0,4401299.0,3771188.0,1068398.0,4785216.0,136433.0,1448539.0,521373.0,109595.0,224503.0,116164.0,307515.0,1609625.0,204637.0,3609313.0,1007683.0,546675.0,65771.0,1300759.0
537,05-10-2021,Totale vaccinazioni ogni cento ab,97.9,92.24,79.58,75.86,84.57,87.92,81.39,8.8,14.4,34.18,35.86,42.12,21.46,7.06,39.95,12.48,72.19,27.02,61.98,52.34,26.51
540,05-11-2021,Totale vaccinazioni,420076.0,164121.0,1024645.0,3547815.0,2896099.0,572244.0,2869586.0,1208610.0,10459173.0,1218174.0,264692.0,326629.0,277172.0,2263622.0,3533309.0,1608753.0,3244943.0,2430435.0,321897.0,9504.0,3385694.0
541,05-11-2021,Totale vaccinazioni ogni cento ab,32.19,29.36,52.62,61.15,64.94,47.09,48.81,77.94,103.96,79.87,86.61,61.28,51.2,51.96,87.7,98.12,64.9,65.17,36.5,7.56,69.01
544,05-12-2021,Totale vaccinazioni,669981.0,397522.0,113469.0,1390318.0,224628.0,110165.0,721718.0,615056.0,846436.0,541270.0,183698.0,288846.0,143161.0,395040.0,982431.0,86984.0,1186808.0,3383384.0,290521.0,107239.0,286518.0
545,05-12-2021,Totale vaccinazioni ogni cento ab,51.34,71.1,5.83,23.96,5.04,9.07,12.28,39.66,8.41,35.49,60.11,54.19,26.44,9.07,24.38,5.31,23.74,90.72,32.94,85.34,5.84
548,05-13-2021,Totale vaccinazioni,335520.0,126153.0,1104164.0,3438442.0,2651664.0,923774.0,4322034.0,935072.0,8877688.0,381992.0,74640.0,132931.0,422856.0,3223660.0,1075695.0,1410471.0,2112559.0,2532116.0,409738.0,43058.0,4344693.0
549,05-13-2021,Totale vaccinazioni ogni cento ab,25.71,22.56,56.71,59.27,59.46,76.02,73.52,60.3,88.24,25.04,24.42,24.94,78.11,74.0,26.7,86.03,42.25,67.89,46.45,34.26,88.56
552,05-14-2021,Totale vaccinazioni,1181366.0,468803.0,308743.0,2348293.0,1989675.0,477947.0,2039913.0,532902.0,4280516.0,1504630.0,208535.0,283764.0,149875.0,1919488.0,2977532.0,651464.0,1799008.0,1333989.0,245536.0,104018.0,1424089.0
553,05-14-2021,Totale vaccinazioni ogni cento ab,90.53,83.85,15.86,40.48,44.62,39.33,34.7,34.37,42.55,98.65,68.23,53.23,27.68,44.06,73.9,39.73,35.98,35.77,27.84,82.77,29.03
556,05-15-2021,Totale vaccinazioni,353661.0,377637.0,1449844.0,3904746.0,3611150.0,868226.0,5467042.0,235326.0,6141161.0,36889.0,125913.0,114685.0,433087.0,3153629.0,496681.0,1454413.0,4086208.0,1127993.0,724184.0,80627.0,3913940.0
557,05-15-2021,Totale vaccinazioni ogni cento ab,27.1,67.55,74.46,67.3,80.98,71.45,92.99,15.18,61.04,2.42,41.2,21.51,80.0,72.39,12.33,88.71,81.73,30.24,82.11,64.16,79.78
560,05-16-2021,Totale vaccinazioni,88577.0,131126.0,811743.0,2172046.0,4311263.0,1157140.0,2327438.0,717541.0,5285216.0,1080026.0,272017.0,392132.0,490172.0,4189374.0,3676789.0,685774.0,1632240.0,2402486.0,347476.0,1298.0,2607017.0
561,05-16-2021,Totale vaccinazioni ogni cento ab,6.79,23.45,41.69,37.44,96.68,95.22,39.59,46.27,52.53,70.81,89.01,73.56,90.54,96.17,91.26,41.83,32.65,64.42,39.4,1.03,53.14
564,05-17-2021,Totale vaccinazioni,903859.0,366041.0,1405798.0,1500763.0,3474092.0,306240.0,631803.0,353733.0,2872542.0,1435858.0,116799.0,93234.0,70159.0,1188257.0,1160511.0,308496.0,528823.0,167407.0,793349.0,79562.0,26496.0
565,05-17-2021,Totale vaccinazioni ogni cento ab,69.26,65.47,72.2,25.87,77.9,25.2,10.75,22.81,28.55,94.14,38.22,17.49,12.96,27.28,28.8,18.82,10.58,4.49,89.95,63.31,0.54
568,05-18-2021,Totale vaccinazioni,116323.0,152517.0,1239366.0,2748477.0,2417117.0,624650.0,6024640.0,1347645.0,5097184.0,1207551.0,27639.0,69375.0,354625.0,2452426.0,2904440.0,903878.0,2801668.0,3348856.0,567916.0,39423.0,2810779.0
569,05-18-2021,Totale vaccinazioni ogni cento ab,8.91,27.28,63.65,47.37,54.2,51.4,102.48,86.91,50.66,79.17,9.04,13.01,65.5,56.29,72.09,55.13,56.03,89.79,64.39,31.37,57.29
572,05-19-2021,Totale vaccinazioni,1073220.0,449272.0,417207.0,471030.0,1126423.0,122207.0,1000660.0,563009.0,2955767.0,776914.0,236125.0,498968.0,108927.0,270365.0,2601827.0,17023.0,258958.0,850904.0,99773.0,97031.0,1125181.0
573,05-19-2021,Totale vaccinazioni ogni cento ab,82.24,80.36,21.43,8.12,25.26,10.06,17.02,36.31,29.38,50.94,77.26,93.61,20.12,6.21,64.58,1.04,5.18,22.81,11.31,77.21,22.94
576,05-20-2021,Totale vaccinazioni,553547.0,225955.0,1223171.0,5431688.0,2559667.0,1023658.0,3124651.0,1360520.0,9634750.0,191124.0,31449.0,21374.0,383228.0,3677585.0,195908.0,1198466.0,3809211.0,3298878.0,448757.0,46063.0,2942437.0
577,05-20-2021,Totale vaccinazioni ogni cento ab,42.42,40.42,62.82,93.62,57.4,84.24,53.15,87.74,95.77,12.53,10.29,4.01,70.79,84.42,4.86,73.1,76.19,88.45,50.88,36.66,59.98
580,05-21-2021,Totale vaccinazioni,1143712.0,22275.0,658989.0,1242769.0,1660147.0,249279.0,5739317.0,1437611.0,2340919.0,934419.0,226405.0,390107.0,238577.0,1854043.0,2575436.0,629640.0,1336110.0,1560590.0,805845.0,32500.0,2070119.0
581,05-21-2021,Totale vaccinazioni ogni cento ab,87.64,3.98,33.84,21.42,37.23,20.51,97.62,92.71,23.27,61.26,74.08,73.18,44.07,42.56,63.92,38.4,26.72,41.84,91.36,25.86,42.2
584,05-22-2021,Totale vaccinazioni,822810.0,310246.0,1291695.0,5352936.0,3654122.0,937874.0,5409666.0,40919.0,1160602.0,593921.0,300222.0,214977.0,32338.0,3368171.0,1852752.0,1024503.0,4382087.0,26017.0,864712.0,76483.0,820495.0
585,05-22-2021,Totale vaccinazioni ogni cento ab,63.05,55.49,66.34,92.27,81.94,77.18,92.02,2.64,11.54,38.94,98.23,40.33,5.97,77.32,45.98,62.49,87.64,0.7,98.04,60.86,16.72
588,05-23-2021,Totale vaccinazioni,374652.0,135644.0,265726.0,4062092.0,840968.0,837303.0,2197866.0,1052239.0,5707226.0,1016829.0,312150.0,295830.0,347547.0,2807163.0,3405328.0,876399.0,2309330.0,2266887.0,302725.0,6192.0,4789518.0
589,05-23-2021,Totale vaccinazioni ogni cento ab,28.71,24.26,13.65,70.02,18.86,68.9,37.38,67.86,56.73,66.67,102.14,55.5,64.2,64.44,84.52,53.45,46.19,60.78,34.32,4.93,97.63
592,05-24-2021,Totale vaccinazioni,797052.0,317834.0,486135.0,597914.0,548221.0,133632.0,1475640.0,1372349.0,935949.0,581984.0,156475.0,256736.0,56742.0,424012.0,1562974.0,224284.0,496919.0,722844.0,15632.0,64989.0,154576.0
593,05-24-2021,Totale vaccinazioni ogni cento ab,61.08,56.85,24.97,10.31,12.29,11.0,25.1,88.5,9.3,38.16,51.2,48.16,10.48,9.73,38.79,13.68,9.94,19.38,1.77,51.72,3.15
596,05-25-2021,Totale vaccinazioni,1265952.0,510474.0,1640440.0,5795089.0,3154533.0,778567.0,3628260.0,1326025.0,10794448.0,1263715.0,65369.0,156112.0,405922.0,2857297.0,1195987.0,1517732.0,2870589.0,2216074.0,560175.0,108943.0,3533333.0
597,05-25-2021,Totale vaccinazioni ogni cento ab,97.01,91.31,84.25,99.89,70.74,64.07,61.71,85.51,107.29,82.85,21.39,29.29,74.98,65.59,29.68,92.57,57.41,59.42,63.51,86.69,72.02
600,05-26-2021,Totale vaccinazioni,994403.0,478214.0,132179.0,903204.0,460536.0,457608.0,47575.0,631722.0,3785090.0,724856.0,174856.0,243825.0,233116.0,1798920.0,4010639.0,605838.0,1879944.0,1433371.0,205315.0,120820.0,4662457.0
601,05-26-2021,Totale vaccinazioni ogni cento ab,76.2,85.54,6.79,15.57,10.33,37.66,0.81,40.74,37.62,47.52,57.21,45.74,43.06,41.29,99.54,36.95,37.6,38.43,23.28,96.14,95.04
604,05-27-2021,Totale vaccinazioni,228488.0,181828.0,1613652.0,5279538.0,3731573.0,805866.0,5209914.0,174354.0,7728328.0,107704.0,70480.0,148571.0,413625.0,3330739.0,716715.0,1112203.0,3058369.0,2813385.0,592991.0,41919.0,3750740.0
605,05-27-2021,Totale vaccinazioni ogni cento ab,17.51,32.52,82.87,91.0,83.68,66.31,88.62,11.24,76.82,7.06,23.06,27.87,76.4,76.46,17.79,67.83,61.17,75.43,67.23,33.36,76.45
608,05-28-2021,Totale vaccinazioni,1339862.0,72751.0,343741.0,2287254.0,1750254.0,515980.0,1970013.0,1103834.0,10552722.0,948375.0,201182.0,411658.0,245970.0,2072025.0,3453538.0,1501191.0,1582225.0,1933968.0,214900.0,18693.0,1965297.0
609,05-28-2021,Totale vaccinazioni ogni cento ab,102.67,13.01,17.65,39.42,39.25,42.46,33.51,71.19,104.89,62.18,65.83,77.23,45.43,47.56,85.72,91.56,31.65,51.85,24.36,14.88,40.06
612,05-29-2021,Totale vaccinazioni,809656.0,523753.0,1586182.0,5504148.0,4032314.0,758988.0,4002581.0,194293.0,2429225.0,297636.0,132707.0,203551.0,153265.0,975632.0,905228.0,243722.0,3877339.0,1187500.0,754040.0,78753.0,1594088.0
613,05-29-2021,Totale vaccinazioni ogni cento ab,62.04,93.68,81.46,94.87,90.42,62.46,68.08,12.53,24.15,19.51,43.42,38.19,28.31,22.4,22.47,14.86,77.55,31.84,85.49,62.67,32.49
616,05-30-2021,Totale vaccinazioni,24873.0,28442.0,1116629.0,2955963.0,2775938.0,687694.0,4271872.0,1127913.0,5646462.0,1089758.0,256052.0,457426.0,311286.0,2486338.0,3474535.0,859205.0,2065095.0,3500526.0,165793.0,17718.0,3035995.0
617,05-30-2021,Totale vaccinazioni ogni cento ab,1.91,5.09,57.35,50.95,62.25,56.59,72.66,72.74,56.12,71.45,83.78,85.81,57.5,57.07,86.24,52.4,41.3,93.86,18.8,14.1,61.89
620,05-31-2021,Totale vaccinazioni,839499.0,444772.0,23222.0,1025836.0,870712.0,67577.0,935860.0,547546.0,1048683.0,1423814.0,205891.0,246825.0,19474.0,1234582.0,1944980.0,558433.0,586829.0,1300637.0,240210.0,83848.0,599972.0
621,05-31-2021,Totale vaccinazioni ogni cento ab,64.33,79.55,1.19,17.68,19.52,5.56,15.92,35.31,10.42,93.35,67.37,46.3,3.6,28.34,48.27,34.06,11.74,34.87,27.23,66.72,12.23
624,06-01-2021,Totale vaccinazioni,322610.0,103183.0,966082.0,3760594.0,2056651.0,634757.0,3560869.0,1144075.0,8012782.0,172125.0,35953.0,55042.0,437105.0,3182910.0,453113.0,1281200.0,3474423.0,2623491.0,622631.0,52002.0,4281388.0
625,06-01-2021,Totale vaccinazioni ogni cento ab,24.72,18.46,49.62,64.82,46.12,52.23,60.57,73.78,79.65,11.28,11.76,10.33,80.74,73.06,11.25,78.14,69.49,70.34,70.59,41.38,87.27
628,06-02-2021,Totale vaccinazioni,886362.0,435663.0,599716.0,2092217.0,1150520.0,612294.0,2747271.0,509618.0,3991930.0,852367.0,211345.0,495117.0,180116.0,672521.0,2802423.0,576602.0,1948282.0,765509.0,104084.0,85957.0,2090422.0
629,06-02-2021,Totale vaccinazioni ogni cento ab,67.92,77.92,30.8,36.06,25.8,50.39,46.73,32.87,39.68,55.88,69.15,92.88,33.27,15.44,69.56,35.17,38.97,20.53,11.8,68.4,42.61
632,06-03-2021,Totale vaccinazioni,601962.0,358591.0,1075562.0,4488509.0,4454229.0,1227659.0,4158883.0,458956.0,8536042.0,282633.0,136941.0,98035.0,514575.0,4340436.0,547158.0,1428365.0,3212370.0,662732.0,610988.0,63853.0,3311832.0
633,06-03-2021,Totale vaccinazioni ogni cento ab,46.13,64.14,55.24,77.37,99.88,101.02,70.74,29.6,84.85,18.53,44.81,18.39,95.05,99.63,13.58,87.12,64.25,17.77,69.27,50.81,67.51
636,06-04-2021,Totale vaccinazioni,104213.0,51713.0,637658.0,1179060.0,1378645.0,1118691.0,5801051.0,892907.0,5201796.0,1132608.0,193556.0,341296.0,508479.0,2529401.0,2875555.0,731159.0,1393995.0,2008339.0,395428.0,22576.0,2468311.0
637,06-04-2021,Totale vaccinazioni ogni cento ab,7.99,9.25,32.75,20.32,30.91,92.06,98.67,57.58,51.7,74.26,63.33,64.03,93.92,58.06,71.37,44.59,27.88,53.85,44.83,17.97,50.31
640,06-05-2021,Totale vaccinazioni,635969.0,265871.0,1493937.0,813419.0,3368749.0,275004.0,1756420.0,245350.0,1263030.0,626386.0,141600.0,471054.0,29080.0,225023.0,1907151.0,34899.0,656694.0,588243.0,732405.0,75074.0,500210.0
641,06-05-2021,Totale vaccinazioni ogni cento ab,48.73,47.55,76.73,14.02,75.54,22.63,29.88,15.82,12.55,41.07,46.33,88.37,5.37,5.17,47.33,2.13,13.13,15.77,83.04,59.74,10.2
644,06-06-2021,Totale vaccinazioni,385800.0,230468.0,884793.0,3030252.0,2822044.0,670542.0,3238010.0,970340.0,6622609.0,1145058.0,24926.0,49880.0,304348.0,2575851.0,3707449.0,1037243.0,3366250.0,2985010.0,530595.0,53791.0,3012575.0
645,06-06-2021,Totale vaccinazioni ogni cento ab,29.56,41.22,45.44,52.23,63.28,55.18,55.08,62.58,65.83,75.07,8.16,9.36,56.22,59.13,92.02,63.26,67.33,80.03,60.16,42.8,61.41
648,06-07-2021,Totale vaccinazioni,1228902.0,501836.0,218931.0,693328.0,427296.0,58675.0,1134294.0,1402707.0,3431022.0,708600.0,154379.0,249782.0,207884.0,154757.0,2247402.0,134422.0,182374.0,1531673.0,143992.0,94062.0,2155623.0
649,06-07-2021,Totale vaccinazioni ogni cento ab,94.17,89.76,11.24,11.95,9.58,4.83,19.29,90.46,34.1,46.46,50.51,46.86,38.4,3.55,55.78,8.2,3.65,41.07,16.33,74.85,43.94
652,06-08-2021,Totale vaccinazioni,303043.0,107768.0,1708240.0,4975680.0,2120834.0,986306.0,3718701.0,1477313.0,8115860.0,348266.0,55271.0,126890.0,397563.0,2618288.0,416062.0,1147249.0,4436937.0,2946632.0,849458.0,26571.0,3505546.0
653,06-08-2021,Totale vaccinazioni ogni cento ab,23.22,19.28,87.73,85.76,47.56,81.16,63.25,95.27,80.67,22.83,18.09,23.8,73.44,60.1,10.33,69.97,88.74,79.01,96.31,21.14,71.46
656,06-09-2021,Totale vaccinazioni,1245857.0,112192.0,555975.0,2037252.0,926778.0,368266.0,1845840.0,1074821.0,5008968.0,695279.0,310447.0,360394.0,124727.0,1473041.0,3968871.0,803860.0,2010864.0,1098648.0,825320.0,30501.0,1561080.0
657,06-09-2021,Totale vaccinazioni ogni cento ab,95.47,20.07,28.55,35.11,20.78,30.3,31.4,69.31,49.79,45.58,101.58,67.61,23.04,33.81,98.51,49.03,40.22,29.46,93.57,24.27,31.82
660,06-10-2021,Totale vaccinazioni,784013.0,280883.0,1353575.0,4209280.0,3519039.0,736373.0,4230643.0,59665.0,389494.0,368195.0,83731.0,233202.0,64178.0,3408519.0,780133.0,1058156.0,3010821.0,689107.0,652919.0,89037.0,1494267.0
661,06-10-2021,Totale vaccinazioni ogni cento ab,60.08,50.24,69.52,72.55,78.91,60.6,71.96,3.85,3.87,24.14,27.4,43.75,11.85,78.24,19.36,64.54,60.22,18.48,74.03,70.85,30.46
664,06-11-2021,Totale vaccinazioni,409315.0,161467.0,521491.0,5669161.0,1473921.0,789391.0,2816803.0,849706.0,10666162.0,1251948.0,244015.0,381522.0,265291.0,2900813.0,3114655.0,1532514.0,2597008.0,1871275.0,377153.0,5193.0,2666390.0
665,06-11-2021,Totale vaccinazioni ogni cento ab,31.37,28.88,26.78,97.72,33.05,64.96,47.91,54.8,106.02,82.08,79.84,71.57,49.0,66.59,77.3,93.47,51.94,50.17,42.76,4.13,54.35
668,06-12-2021,Totale vaccinazioni,1311412.0,535473.0,251998.0,1766156.0,501813.0,149974.0,136832.0,692149.0,3070459.0,436034.0,168180.0,105734.0,52227.0,1051371.0,3835023.0,538676.0,1025899.0,288801.0,51423.0,114152.0,1173769.0
669,06-12-2021,Totale vaccinazioni ogni cento ab,100.49,95.78,12.94,30.44,11.25,12.34,2.33,44.64,30.52,28.59,55.03,19.84,9.65,24.13,95.18,32.85,20.52,7.74,5.83,90.84,23.93
672,06-13-2021,Totale vaccinazioni,15268.0,90938.0,893813.0,2903810.0,1916905.0,814519.0,3842712.0,947133.0,7481190.0,990404.0,16276.0,152253.0,344639.0,2969134.0,939804.0,920983.0,2393304.0,3184211.0,508568.0,25859.0,3982057.0
673,06-13-2021,Totale vaccinazioni ogni cento ab,1.17,16.27,45.9,50.05,42.98,67.03,65.36,61.08,74.36,64.93,5.33,28.56,63.66,68.16,23.33,56.17,47.87,85.38,57.66,20.58,81.17
676,06-14-2021,Totale vaccinazioni,1005370.0,410158.0,233283.0,850530.0,1280152.0,406254.0,199622.0,491549.0,3691411.0,910410.0,169808.0,323713.0,133719.0,1631863.0,2327495.0,259408.0,1530977.0,927026.0,76235.0,82968.0,1253592.0
677,06-14-2021,Totale vaccinazioni ogni cento ab,77.04,73.36,11.98,14.66,28.71,33.43,3.4,31.7,36.69,59.69,55.56,60.73,24.7,37.46,57.77,15.82,30.62,24.86,8.64,66.02,25.55
680,06-15-2021,Totale vaccinazioni,511353.0,321053.0,1518987.0,5136265.0,3027849.0,1080201.0,3922679.0,32282.0,9294967.0,52082.0,98619.0,80311.0,465993.0,4056550.0,376792.0,1311671.0,3580584.0,2682863.0,577820.0,54667.0,3664010.0
681,06-15-2021,Totale vaccinazioni ogni cento ab,39.19,57.42,78.01,88.53,67.9,88.89,66.72,2.08,92.39,3.41,32.27,15.07,86.08,93.12,9.35,80.0,71.61,71.93,65.51,43.5,74.69
684,06-16-2021,Totale vaccinazioni,1214996.0,46882.0,713883.0,1886176.0,1333020.0,424017.0,2613597.0,755228.0,4884004.0,840466.0,188885.0,417190.0,216114.0,1696268.0,2707144.0,414736.0,944434.0,3471842.0,175805.0,8495.0,1787209.0
685,06-16-2021,Totale vaccinazioni ogni cento ab,93.11,8.39,36.66,32.51,29.89,34.89,44.46,48.7,48.55,55.1,61.8,78.26,39.92,38.94,67.19,25.3,18.89,93.09,19.93,6.76,36.43
688,06-17-2021,Totale vaccinazioni,713936.0,285323.0,1171529.0,4853964.0,3923599.0,1095118.0,4069381.0,326547.0,2551813.0,478616.0,100926.0,237120.0,40525.0,1275609.0,2077470.0,482950.0,3524256.0,555561.0,679864.0,60844.0,551815.0
689,06-17-2021,Totale vaccinazioni ogni cento ab,54.71,51.03,60.17,83.66,87.98,90.12,69.22,21.06,25.36,31.38,33.02,44.48,7.49,29.28,51.56,29.46,70.49,14.9,77.08,48.42,11.25
692,06-18-2021,Totale vaccinazioni,74823.0,119324.0,946445.0,3826476.0,2369204.0,1167829.0,4534331.0,1159462.0,6041453.0,1534525.0,254188.0,319230.0,501025.0,4239504.0,2754634.0,1376840.0,4004430.0,2470492.0,315663.0,29474.0,3225318.0
693,06-18-2021,Totale vaccinazioni ogni cento ab,5.73,21.34,48.61,65.95,53.13,96.1,77.13,74.77,60.05,100.61,83.17,59.89,92.55,97.32,68.37,83.97,80.09,66.24,35.79,23.45,65.74
696,06-19-2021,Totale vaccinazioni,724421.0,342444.0,288824.0,83763.0,717268.0,191224.0,546174.0,517027.0,178088.0,1412031.0,275137.0,490482.0,14749.0,109669.0,1751945.0,161008.0,303215.0,1638628.0,42869.0,98501.0,710108.0
697,06-19-2021,Totale vaccinazioni ogni cento ab,55.51,61.25,14.83,1.44,16.08,15.74,9.29,33.34,1.77,92.58,90.03,92.01,2.72,2.52,43.48,9.82,6.06,43.94,4.86,78.38,14.47
700,06-20-2021,Totale vaccinazioni,616421.0,208547.0,871072.0,3697026.0,4387144.0,641263.0,3179909.0,1124611.0,8624994.0,315487.0,19752.0,63670.0,359012.0,3784176.0,1121739.0,1434654.0,3915897.0,3059570.0,760251.0,50144.0,3865752.0
701,06-20-2021,Totale vaccinazioni ogni cento ab,47.24,37.3,44.74,63.72,98.38,52.77,54.09,72.53,85.73,20.68,6.46,11.94,66.31,86.86,27.84,87.5,78.32,82.03,86.19,39.9,78.8
704,06-21-2021,Totale vaccinazioni,1034347.0,337979.0,160554.0,2620383.0,589368.0,1137303.0,1196129.0,663516.0,3907297.0,882977.0,218831.0,272699.0,481711.0,1552468.0,2177460.0,745174.0,2194271.0,1591745.0,234401.0,93352.0,2255590.0
705,06-21-2021,Totale vaccinazioni ogni cento ab,79.26,60.45,8.25,45.17,13.22,93.59,20.35,42.79,38.84,57.89,71.6,51.16,88.98,35.64,54.04,45.45,43.89,42.68,26.58,74.29,45.98
708,06-22-2021,Totale vaccinazioni,285859.0,261072.0,1536281.0,4357212.0,3405089.0,1106632.0,6126618.0,111515.0,8323413.0,66532.0,121601.0,180276.0,451374.0,3955432.0,1342798.0,1240754.0,4334081.0,137650.0,773744.0,69481.0,3137416.0
709,06-22-2021,Totale vaccinazioni ogni cento ab,21.91,46.7,78.9,75.1,76.36,91.06,104.21,7.19,82.73,4.36,39.79,33.82,83.37,90.8,33.33,75.67,86.68,3.69,87.72,55.29,63.95
712,06-23-2021,Totale vaccinazioni,434957.0,144443.0,392491.0,2568552.0,1888212.0,436065.0,5647174.0,1311671.0,7290426.0,1236518.0,284633.0,368211.0,273469.0,1739038.0,3216286.0,778833.0,4252303.0,1830163.0,836516.0,11656.0,2767116.0
713,06-23-2021,Totale vaccinazioni ogni cento ab,33.33,25.84,20.16,44.27,42.34,35.88,96.06,84.59,72.47,81.07,93.13,69.08,50.51,39.92,79.83,47.5,85.05,49.07,94.84,9.28,56.4
716,06-24-2021,Totale vaccinazioni,650840.0,271030.0,1327065.0,328800.0,3869168.0,96103.0,1071965.0,82274.0,733449.0,497875.0,80493.0,176105.0,139856.0,352647.0,1431277.0,446846.0,132695.0,434582.0,746186.0,73214.0,1057399.0
717,06-24-2021,Totale vaccinazioni ogni cento ab,49.87,48.48,68.15,5.67,86.76,7.91,18.23,5.31,7.29,32.64,26.34,33.04,25.83,8.09,35.52,27.25,2.65,11.65,84.6,58.26,21.55
720,06-25-2021,Totale vaccinazioni,192490.0,247590.0,1731152.0,5748587.0,2602153.0,721269.0,5300980.0,1496637.0,7092972.0,1196295.0,52385.0,140585.0,325398.0,2313080.0,3293438.0,950637.0,2500911.0,2914064.0,500320.0,45253.0,2718002.0
721,06-25-2021,Totale vaccinazioni ogni cento ab,14.75,44.28,88.91,99.08,58.35,59.35,90.17,96.52,70.5,78.43,17.14,26.37,60.11,53.1,81.74,57.98,50.02,78.13,56.72,36.01,55.4
724,06-26-2021,Totale vaccinazioni,1157641.0,473483.0,200933.0,1640544.0,1003563.0,23078.0,438376.0,1409860.0,6247031.0,1007621.0,224154.0,277328.0,126118.0,736011.0,3911757.0,338503.0,369025.0,1063857.0,260592.0,119320.0,940192.0
725,06-26-2021,Totale vaccinazioni ogni cento ab,88.71,84.69,10.32,28.28,22.5,1.9,7.46,90.92,62.09,66.06,73.34,52.03,23.3,16.89,97.09,20.65,7.38,28.52,29.55,94.95,19.16
728,06-27-2021,Totale vaccinazioni,453219.0,178222.0,976205.0,4122227.0,2235039.0,746963.0,5348181.0,1082928.0,7601049.0,145629.0,38317.0,14749.0,390894.0,3445941.0,614693.0,1214025.0,4029731.0,3119409.0,856913.0,111609.0,4884552.0
729,06-27-2021,Totale vaccinazioni ogni cento ab,34.73,31.88,50.14,71.05,50.12,61.47,90.97,69.84,75.55,9.55,12.54,2.77,72.2,79.1,15.26,74.04,80.6,83.64,97.15,88.81,99.57
732,06-28-2021,Totale vaccinazioni,962232.0,13490.0,769170.0,1964731.0,1513934.0,384423.0,2386293.0,1028375.0,1816480.0,1327412.0,289856.0,430919.0,189192.0,856894.0,2536376.0,277030.0,1707346.0,1265671.0,336159.0,4146.0,4516762.0
733,06-28-2021,Totale vaccinazioni ogni cento ab,73.74,2.41,39.5,33.86,33.95,31.63,40.59,66.32,18.06,87.03,94.84,80.84,34.95,19.67,62.95,16.9,34.15,33.94,38.11,3.3,92.07
736,06-29-2021,Totale vaccinazioni,1297873.0,519589.0,1371654.0,5111764.0,2941389.0,949147.0,4381425.0,341707.0,3177583.0,245684.0,112085.0,99909.0,46865.0,3512163.0,1499983.0,1631327.0,4146694.0,211666.0,786981.0,88035.0,382541.0
737,06-29-2021,Totale vaccinazioni ogni cento ab,99.46,92.94,70.44,88.11,65.96,78.1,74.53,22.04,31.58,16.11,36.67,18.74,8.66,80.62,37.23,99.5,82.94,5.68,89.23,70.05,7.8
740,06-30-2021,Totale vaccinazioni,167617.0,68001.0,755890.0,4003345.0,1414166.0,549755.0,2514733.0,1045742.0,10069377.0,1351422.0,280115.0,375739.0,296539.0,2183250.0,3173461.0,1554395.0,2358520.0,2172897.0,186271.0,23949.0,2856408.0
741,06-30-2021,Totale vaccinazioni ogni cento ab,12.84,12.16,38.82,69.0,31.71,45.24,42.77,67.44,100.09,88.6,91.66,70.49,54.77,50.12,78.76,94.8,47.17,58.26,21.12,19.06,58.22
744,07-01-2021,Totale vaccinazioni,703024.0,415457.0,82473.0,404132.0,291241.0,324046.0,267660.0,403073.0,2777903.0,571000.0,240426.0,194158.0,85800.0,1374606.0,2130117.0,58228.0,49219.0,466620.0,89720.0,71550.0,249628.0
745,07-01-2021,Totale vaccinazioni ogni cento ab,53.87,74.31,4.24,6.97,6.53,26.67,4.55,25.99,27.61,37.44,78.67,36.42,15.85,31.55,52.87,3.55,0.98,12.51,10.17,56.94,5.09
748,07-02-2021,Totale vaccinazioni,213792.0,303806.0,1206205.0,5206625.0,3234880.0,710532.0,3072906.0,1256327.0,9851393.0,1519176.0,4259.0,36831.0,377615.0,2685511.0,261637.0,971734.0,2937858.0,2651677.0,478153.0,46929.0,3802454.0
749,07-02-2021,Totale vaccinazioni ogni cento ab,16.38,54.34,61.95,89.74,72.54,58.47,52.27,81.02,97.92,99.6,1.39,6.91,69.75,61.65,6.49,59.27,58.76,71.1,54.21,37.34,77.51
752,07-03-2021,Totale vaccinazioni,1130697.0,421133.0,455867.0,259382.0,379795.0,340549.0,1413751.0,411883.0,2204213.0,1484304.0,151060.0,440745.0,250919.0,1959530.0,2657389.0,370214.0,1474872.0,2075512.0,6463.0,74149.0,1739526.0
753,07-03-2021,Totale vaccinazioni ogni cento ab,86.65,75.33,23.41,4.47,8.52,28.02,24.05,26.56,21.91,97.31,49.43,82.68,46.35,44.98,65.96,22.58,29.5,55.65,0.73,59.0,35.46
756,07-04-2021,Totale vaccinazioni,588776.0,250699.0,1155732.0,4902782.0,4202595.0,886300.0,4840044.0,14187.0,9747647.0,203889.0,6409.0,32826.0,340953.0,3831994.0,83234.0,991204.0,3662868.0,3532029.0,452944.0,38453.0,3073077.0
757,07-04-2021,Totale vaccinazioni ogni cento ab,45.12,44.84,59.36,84.51,94.24,72.93,82.33,0.91,96.89,13.37,2.1,6.16,62.98,87.96,2.07,60.45,73.26,94.7,51.35,30.6,62.64
760,07-05-2021,Totale vaccinazioni,1102875.0,141166.0,682606.0,3171587.0,1199739.0,1128158.0,2150739.0,908695.0,5424191.0,826707.0,251421.0,452662.0,475577.0,4108998.0,2463091.0,716679.0,2154030.0,3433389.0,403824.0,28143.0,2316825.0
761,07-05-2021,Totale vaccinazioni ogni cento ab,84.51,25.25,35.06,54.67,26.9,92.84,36.58,58.6,53.92,54.2,82.27,84.92,87.85,94.32,61.13,43.71,43.08,92.06,45.78,22.4,47.23
764,07-06-2021,Totale vaccinazioni,736759.0,296005.0,1505755.0,4766824.0,3441686.0,1215265.0,5020125.0,123785.0,277381.0,1395307.0,106703.0,177824.0,168428.0,473510.0,1717397.0,176922.0,2715683.0,981476.0,540697.0,59565.0,746123.0
765,07-06-2021,Totale vaccinazioni ogni cento ab,56.46,52.94,77.33,82.16,77.18,100.0,85.39,7.98,2.76,91.48,34.91,33.36,31.11,10.87,42.63,10.79,54.31,26.32,61.3,47.4,15.21
768,07-07-2021,Totale vaccinazioni,261845.0,96146.0,1009564.0,3223814.0,3296245.0,855558.0,5915328.0,1231534.0,6441868.0,1381339.0,261484.0,503907.0,300878.0,3042769.0,3383762.0,1074140.0,2837050.0,2125785.0,195669.0,15529.0,3352530.0
769,07-07-2021,Totale vaccinazioni ogni cento ab,20.07,17.2,51.85,55.57,73.92,70.4,100.62,79.42,64.03,90.56,85.56,94.53,55.58,69.85,83.98,65.51,56.74,57.0,22.18,12.36,68.34
772,07-08-2021,Totale vaccinazioni,863567.0,486132.0,97046.0,1451401.0,630468.0,35976.0,358490.0,603019.0,1930830.0,556316.0,180846.0,484822.0,95067.0,609908.0,874710.0,501370.0,838739.0,1471437.0,284033.0,105697.0,333000.0
773,07-08-2021,Totale vaccinazioni ogni cento ab,66.18,86.95,4.98,25.02,14.14,2.96,6.1,38.89,19.19,36.47,59.17,90.95,17.56,14.0,21.71,30.58,16.78,39.45,32.2,84.11,6.79
776,07-09-2021,Totale vaccinazioni,275448.0,197657.0,1061332.0,3499879.0,3968182.0,909375.0,3315687.0,1178153.0,8438903.0,129989.0,87167.0,26570.0,419449.0,3274235.0,1036956.0,1256628.0,2545564.0,2875207.0,429361.0,44276.0,4396133.0
777,07-09-2021,Totale vaccinazioni ogni cento ab,21.11,35.35,54.51,60.33,88.98,74.83,56.4,75.98,83.88,8.52,28.52,4.98,77.48,75.16,25.74,76.64,50.91,77.09,48.68,35.23,89.61
780,07-10-2021,Totale vaccinazioni,1170773.0,462895.0,67082.0,2415170.0,1045403.0,498944.0,5584949.0,1416723.0,4387624.0,1103936.0,163922.0,332394.0,177277.0,2017618.0,3619483.0,666807.0,4207851.0,1365639.0,268268.0,103058.0,2008388.0
781,07-10-2021,Totale vaccinazioni ogni cento ab,89.72,82.8,3.45,41.63,23.44,41.06,95.0,91.36,43.61,72.38,53.64,62.36,32.75,46.31,89.83,40.67,84.16,36.62,30.42,82.01,40.94
784,07-11-2021,Totale vaccinazioni,363544.0,386109.0,1337679.0,3588669.0,4105077.0,765645.0,3511964.0,71174.0,8790497.0,12436.0,293767.0,122703.0,389591.0,2745010.0,156660.0,1460780.0,4503455.0,405158.0,870576.0,91180.0,4469200.0
785,07-11-2021,Totale vaccinazioni ogni cento ab,27.86,69.06,68.7,61.86,92.05,63.0,59.74,4.59,87.38,0.82,96.12,23.02,71.96,63.01,3.89,89.09,90.07,10.86,98.7,72.56,91.1
788,07-12-2021,Totale vaccinazioni,45102.0,36683.0,573938.0,984388.0,1599383.0,651129.0,2276482.0,786791.0,5535836.0,1174376.0,317250.0,460954.0,308403.0,1090460.0,3800700.0,701108.0,899945.0,1762900.0,155828.0,2276.0,4715014.0
789,07-12-2021,Totale vaccinazioni ogni cento ab,3.46,6.56,29.48,16.97,35.86,53.58,38.72,50.74,55.03,76.99,103.81,86.47,56.97,25.03,94.33,42.76,18.0,47.27,17.67,1.81,96.11
792,07-13-2021,Totale vaccinazioni,1204116.0,495605.0,1748550.0,1694203.0,4178368.0,13029.0,4927812.0,443353.0,1649478.0,680999.0,94440.0,219740.0,3580.0,774795.0,832410.0,397102.0,790799.0,347052.0,657123.0,67700.0,113764.0
793,07-13-2021,Totale vaccinazioni ogni cento ab,92.27,88.65,89.8,29.2,93.7,1.07,83.82,28.59,16.4,44.65,30.9,41.22,0.66,17.79,20.66,24.22,15.82,9.31,74.5,53.87,2.32
796,07-14-2021,Totale vaccinazioni,138014.0,169764.0,1687928.0,5575140.0,2282515.0,588529.0,3760505.0,1508048.0,10271356.0,1158909.0,42582.0,10023.0,330806.0,2376642.0,4167354.0,1588418.0,2765526.0,3212939.0,672896.0,112628.0,3429690.0
797,07-14-2021,Totale vaccinazioni ogni cento ab,10.58,30.36,86.69,96.1,51.18,48.43,63.96,97.25,102.1,75.98,13.93,1.88,61.1,54.56,103.43,96.88,55.31,86.15,76.29,89.62,69.91
800,07-15-2021,Totale vaccinazioni,952181.0,404059.0,440730.0,177308.0,59278.0,213829.0,771944.0,586881.0,3553579.0,765254.0,233783.0,309541.0,195447.0,42249.0,4125188.0,75851.0,737944.0,822945.0,136992.0,117382.0,4573849.0
801,07-15-2021,Totale vaccinazioni ogni cento ab,72.97,72.27,22.63,3.06,1.33,17.6,13.13,37.85,35.32,50.17,76.5,58.07,36.1,0.97,102.39,4.63,14.76,22.06,15.53,93.41,93.23
804,07-16-2021,Totale vaccinazioni,476589.0,192313.0,1045642.0,4614353.0,2205502.0,958206.0,2912980.0,1194693.0,9403706.0,422259.0,48046.0,4169.0,340666.0,3726588.0,145125.0,1330270.0,3166407.0,3269119.0,438926.0,34780.0,4218200.0
805,07-16-2021,Totale vaccinazioni ogni cento ab,36.52,34.4,53.7,79.53,49.46,78.85,49.55,77.05,93.47,27.68,15.72,0.78,62.93,85.54,3.6,81.13,63.33,87.65,49.76,27.68,85.98
808,07-17-2021,Totale vaccinazioni,1319911.0,64549.0,620135.0,1076176.0,1428086.0,252126.0,2451932.0,878168.0,3258550.0,920518.0,196614.0,369768.0,233522.0,1877427.0,2932605.0,1483240.0,1212136.0,1841545.0,386519.0,107828.0,2025334.0
809,07-17-2021,Totale vaccinazioni ogni cento ab,101.14,11.55,31.85,18.55,32.02,20.75,41.71,56.63,32.39,60.35,64.33,69.37,43.13,43.1,72.79,90.46,24.24,49.38,43.82,85.81,41.28
