,data,area,Vaccinazioni giornaliere,sesso_maschile,sesso_femminile,Operatori sanitari - sociosanitari,Personale non sanitario,Ospiti RSA,categoria_over80,prima_dose,seconda_dose,Regione,popolazione,Totale vaccinazioni,Totale vaccinazioni ogni cento ab,Vaccinazioni giornaliere ogni cento ab
0,2020-12-27,ITA,6986,3309,3677,5813,864,308,1,6986,0,Italia,60000000,6986,0.01,0.01
1,2020-12-28,ITA,950,435,515,940,10,0,0,950,0,Italia,60000000,7936,0.01,0.0
2,2020-12-29,ITA,902,387,515,869,12,21,0,902,0,Italia,60000000,8838,0.01,0.0
3,2020-12-30,ITA,4589,1815,2774,3835,407,347,0,4589,0,Italia,60000000,13427,0.02,0.01
4,2020-12-31,ITA,25026,9690,15336,20103,2451,2468,4,25026,0,Italia,60000000,38453,0.06,0.04
5,2021-01-01,ITA,10888,4185,6703,9737,348,803,0,10888,0,Italia,60000000,49341,0.08,0.02
6,2021-01-02,ITA,37645,14850,22795,32652,2920,2071,2,37645,0,Italia,60000000,86986,0.14,0.06
7,2021-01-03,ITA,34687,13533,21154,30123,3055,1508,1,34687,0,Italia,60000000,121673,0.2,0.06
8,2021-01-04,ITA,67231,26173,41058,56187,7595,3433,16,67231,0,Italia,60000000,188904,0.31,0.11
9,2021-01-05,ITA,78452,29951,48501,62987,10849,4600,16,78452,0,Italia,60000000,267356,0.45,0.13
10,2021-01-06,ITA,64457,24987,39470,49950,10714,3789,4,64457,0,Italia,60000000,331813,0.55,0.11
11,2021-01-07,ITA,90959,33013,57946,68068,15902,6868,121,90959,0,Italia,60000000,422772,0.7,0.15
12,2021-01-08,ITA,92744,33309,59435,65693,19944,6972,135,92744,0,Italia,60000000,515516,0.86,0.15
13,2021-01-09,ITA,84623,32887,51736,56178,21524,6890,31,84623,0,Italia,60000000,600139,1.0,0.14
14,2021-01-10,ITA,59851,23611,36240,37564,18820,3448,19,59851,0,Italia,60000000,659990,1.1,0.1
15,2021-01-11,ITA,78076,28095,49981,48307,21888,7353,528,78076,0,Italia,60000000,738066,1.23,0.13
16,2021-01-12,ITA,78826,28555,50271,45982,23628,8818,398,78826,0,Italia,60000000,816892,1.36,0.13
17,2021-01-13,ITA,90567,31456,59111,47100,31365,11673,429,90567,0,Italia,60000000,907459,1.51,0.15
18,2021-01-14,ITA,88969,30336,58633,43105,31421,13731,712,88969,0,Italia,60000000,996428,1.66,0.15
19,2021-01-15,ITA,83455,28963,54492,40439,29464,11738,1814,83455,0,Italia,60000000,1079883,1.8,0.14
20,2021-01-16,ITA,60422,22808,37614,28754,21727,7464,2477,60415,7,Italia,60000000,1140305,1.9,0.1
21,2021-01-17,ITA,34933,13743,21190,16302,12805,2957,2869,32169,2764,Italia,60000000,1175238,1.96,0.06
22,2021-01-18,ITA,39892,14139,25753,19591,11890,6821,1590,35549,4343,Italia,60000000,1215130,2.03,0.07
23,2021-01-19,ITA,30070,10410,19660,14148,8220,6665,1037,28304,1766,Italia,60000000,1245200,2.08,0.05
24,2021-01-20,ITA,27714,9641,18073,14128,7088,6105,393,23315,4399,Italia,60000000,1272914,2.12,0.05
25,2021-01-21,ITA,33172,12494,20678,22092,6359,4595,126,14144,19028,Italia,60000000,1306086,2.18,0.06
26,2021-01-22,ITA,24512,8787,15725,15867,4183,4340,122,10800,13712,Italia,60000000,1330598,2.22,0.04
27,2021-01-23,ITA,37295,14888,22407,30361,3898,2910,126,5187,32108,Italia,60000000,1367893,2.28,0.06
28,2021-01-24,ITA,33069,13081,19988,27740,3567,1635,127,2671,30398,Italia,60000000,1400962,2.33,0.06
29,2021-01-25,ITA,65365,25288,40077,54393,6901,3938,133,4033,61332,Italia,60000000,1466327,2.44,0.11
30,2021-01-26,ITA,59285,22902,36383,48921,6600,3641,123,2520,56765,Italia,60000000,1525612,2.54,0.1
31,2020-12-27,PIE,912,368,544,760,76,76,0,912,0,Piemonte,4356406,912,0.02,0.02
32,2020-12-30,PIE,730,322,408,685,45,0,0,730,0,Piemonte,4356406,1642,0.04,0.02
33,2020-12-31,PIE,3877,1318,2559,3385,359,133,0,3877,0,Piemonte,4356406,5519,0.13,0.09
34,2021-01-01,PIE,1038,395,643,922,116,0,0,1038,0,Piemonte,4356406,6557,0.15,0.02
35,2021-01-02,PIE,3538,1134,2404,3072,413,53,0,3538,0,Piemonte,4356406,10095,0.23,0.08
36,2021-01-03,PIE,3059,966,2093,2712,295,52,0,3059,0,Piemonte,4356406,13154,0.3,0.07
37,2021-01-04,PIE,5555,1675,3880,4583,737,235,0,5555,0,Piemonte,4356406,18709,0.43,0.13
38,2021-01-05,PIE,5371,1601,3770,4359,729,283,0,5371,0,Piemonte,4356406,24080,0.55,0.12
39,2021-01-06,PIE,3108,1106,2002,2362,433,313,0,3108,0,Piemonte,4356406,27188,0.62,0.07
40,2021-01-07,PIE,5324,1717,3607,4126,877,321,0,5324,0,Piemonte,4356406,32512,0.75,0.12
41,2021-01-08,PIE,5504,1751,3753,4068,1027,409,0,5504,0,Piemonte,4356406,38016,0.87,0.13
42,2021-01-09,PIE,6199,2187,4012,4489,1127,583,0,6199,0,Piemonte,4356406,44215,1.01,0.14
43,2021-01-10,PIE,5193,2272,2921,3895,783,515,0,5193,0,Piemonte,4356406,49408,1.13,0.12
44,2021-01-11,PIE,8734,2977,5757,6052,1553,1129,0,8734,0,Piemonte,4356406,58142,1.33,0.2
45,2021-01-12,PIE,9969,3381,6588,6809,1990,1170,0,9969,0,Piemonte,4356406,68111,1.56,0.23
46,2021-01-13,PIE,10017,3209,6808,6447,2249,1321,0,10017,0,Piemonte,4356406,78128,1.79,0.23
47,2021-01-14,PIE,9736,3144,6592,6137,2119,1480,0,9736,0,Piemonte,4356406,87864,2.02,0.22
48,2021-01-15,PIE,8944,2945,5999,5486,1920,1538,0,8944,0,Piemonte,4356406,96808,2.22,0.21
49,2021-01-16,PIE,7739,2628,5111,4786,1588,1365,0,7739,0,Piemonte,4356406,104547,2.4,0.18
50,2021-01-17,PIE,3511,1167,2344,2079,593,839,0,2864,647,Piemonte,4356406,108058,2.48,0.08
51,2021-01-18,PIE,6083,2034,4049,3214,1401,1468,0,5836,247,Piemonte,4356406,114141,2.62,0.14
52,2021-01-19,PIE,6386,2097,4289,3634,1312,1440,0,6284,102,Piemonte,4356406,120527,2.77,0.15
53,2021-01-20,PIE,6345,2027,4318,3551,1149,1645,0,5619,726,Piemonte,4356406,126872,2.91,0.15
54,2021-01-21,PIE,6670,2247,4423,4672,852,1146,0,3185,3485,Piemonte,4356406,133542,3.07,0.15
55,2021-01-22,PIE,3772,1226,2546,2245,648,879,0,2432,1340,Piemonte,4356406,137314,3.15,0.09
56,2021-01-23,PIE,4188,1311,2877,3166,522,500,0,877,3311,Piemonte,4356406,141502,3.25,0.1
57,2021-01-24,PIE,3147,955,2192,2630,371,146,0,432,2715,Piemonte,4356406,144649,3.32,0.07
58,2021-01-25,PIE,6163,1927,4236,4773,863,527,0,974,5189,Piemonte,4356406,150812,3.46,0.14
59,2021-01-26,PIE,5939,1739,4200,4452,816,671,0,697,5242,Piemonte,4356406,156751,3.6,0.14
60,2020-12-27,CAM,720,422,298,703,17,0,0,720,0,Campania,5801692,720,0.01,0.01
61,2020-12-31,CAM,1490,811,679,1273,216,1,0,1490,0,Campania,5801692,2210,0.04,0.03
62,2021-01-01,CAM,919,506,413,831,88,0,0,919,0,Campania,5801692,3129,0.05,0.02
63,2021-01-02,CAM,3673,1962,1711,3167,506,0,0,3673,0,Campania,5801692,6802,0.12,0.06
64,2021-01-03,CAM,3834,2008,1826,3190,644,0,0,3834,0,Campania,5801692,10636,0.18,0.07
65,2021-01-04,CAM,5823,2961,2862,4848,975,0,0,5823,0,Campania,5801692,16459,0.28,0.1
66,2021-01-05,CAM,7192,3614,3578,5776,1319,97,0,7192,0,Campania,5801692,23651,0.41,0.12
67,2021-01-06,CAM,7689,3767,3922,5809,1572,308,0,7689,0,Campania,5801692,31340,0.54,0.13
68,2021-01-07,CAM,8893,4157,4736,6304,2258,331,0,8893,0,Campania,5801692,40233,0.69,0.15
69,2021-01-08,CAM,10451,4966,5485,6712,3527,212,0,10451,0,Campania,5801692,50684,0.87,0.18
70,2021-01-09,CAM,10562,5023,5539,6758,3535,269,0,10562,0,Campania,5801692,61246,1.06,0.18
71,2021-01-10,CAM,8165,3739,4426,5179,2889,97,0,8165,0,Campania,5801692,69411,1.2,0.14
72,2021-01-11,CAM,4062,1863,2199,2379,1436,247,0,4062,0,Campania,5801692,73473,1.27,0.07
73,2021-01-12,CAM,5204,2558,2646,3437,1434,333,0,5204,0,Campania,5801692,78677,1.36,0.09
74,2021-01-13,CAM,7954,3638,4316,4335,3063,556,0,7954,0,Campania,5801692,86631,1.49,0.14
75,2021-01-14,CAM,7097,2990,4107,3693,3039,365,0,7097,0,Campania,5801692,93728,1.62,0.12
76,2021-01-15,CAM,4981,2384,2597,2746,2038,197,0,4981,0,Campania,5801692,98709,1.7,0.09
77,2021-01-16,CAM,3377,1674,1703,1360,1646,371,0,3377,0,Campania,5801692,102086,1.76,0.06
78,2021-01-17,CAM,1155,551,604,718,286,151,0,702,453,Campania,5801692,103241,1.78,0.02
79,2021-01-18,CAM,944,400,544,577,193,174,0,700,244,Campania,5801692,104185,1.8,0.02
80,2021-01-19,CAM,1096,474,622,535,389,172,0,1093,3,Campania,5801692,105281,1.81,0.02
81,2021-01-20,CAM,1257,650,607,395,761,101,0,1257,0,Campania,5801692,106538,1.84,0.02
82,2021-01-21,CAM,2097,1117,980,1378,638,81,0,682,1415,Campania,5801692,108635,1.87,0.04
83,2021-01-22,CAM,1397,699,698,968,344,85,0,549,848,Campania,5801692,110032,1.9,0.02
84,2021-01-23,CAM,3835,2027,1808,3161,606,68,0,272,3563,Campania,5801692,113867,1.96,0.07
85,2021-01-24,CAM,4126,2121,2005,3139,821,166,0,383,3743,Campania,5801692,117993,2.03,0.07
86,2021-01-25,CAM,5739,2925,2814,4738,945,56,0,165,5574,Campania,5801692,123732,2.13,0.1
87,2021-01-26,CAM,6666,3376,3290,5317,1235,114,0,223,6443,Campania,5801692,130398,2.25,0.11
88,2020-12-27,PAB,143,65,78,56,87,0,0,143,0,P.A. Bolzano,533050,143,0.03,0.03
89,2020-12-30,PAB,357,166,191,120,237,0,0,357,0,P.A. Bolzano,533050,500,0.09,0.07
90,2020-12-31,PAB,850,490,360,271,579,0,0,850,0,P.A. Bolzano,533050,1350,0.25,0.16
91,2021-01-02,PAB,72,32,40,66,6,0,0,72,0,P.A. Bolzano,533050,1422,0.27,0.01
92,2021-01-04,PAB,465,189,276,280,181,4,0,465,0,P.A. Bolzano,533050,1887,0.35,0.09
93,2021-01-05,PAB,820,284,536,575,245,0,0,820,0,P.A. Bolzano,533050,2707,0.51,0.15
94,2021-01-06,PAB,59,18,41,59,0,0,0,59,0,P.A. Bolzano,533050,2766,0.52,0.01
95,2021-01-07,PAB,883,308,575,339,488,0,56,883,0,P.A. Bolzano,533050,3649,0.68,0.17
96,2021-01-08,PAB,1468,465,1003,521,690,157,100,1468,0,P.A. Bolzano,533050,5117,0.96,0.28
97,2021-01-09,PAB,595,313,282,61,452,67,15,595,0,P.A. Bolzano,533050,5712,1.07,0.11
98,2021-01-10,PAB,2,2,0,1,1,0,0,2,0,P.A. Bolzano,533050,5714,1.07,0.0
99,2021-01-11,PAB,1407,434,973,218,887,119,183,1407,0,P.A. Bolzano,533050,7121,1.34,0.26
100,2021-01-12,PAB,1473,390,1083,200,730,469,74,1473,0,P.A. Bolzano,533050,8594,1.61,0.28
101,2021-01-13,PAB,1380,433,947,284,780,194,122,1380,0,P.A. Bolzano,533050,9974,1.87,0.26
102,2021-01-14,PAB,1608,477,1131,260,901,277,170,1608,0,P.A. Bolzano,533050,11582,2.17,0.3
103,2021-01-15,PAB,2834,1029,1805,430,831,333,1240,2834,0,P.A. Bolzano,533050,14416,2.7,0.53
104,2021-01-16,PAB,2702,1208,1494,462,406,56,1778,2702,0,P.A. Bolzano,533050,17118,3.21,0.51
105,2021-01-17,PAB,2276,1026,1250,50,270,4,1952,2264,12,P.A. Bolzano,533050,19394,3.64,0.43
106,2021-01-18,PAB,1549,578,971,256,317,7,969,1544,5,P.A. Bolzano,533050,20943,3.93,0.29
107,2021-01-19,PAB,807,348,459,150,203,0,454,677,130,P.A. Bolzano,533050,21750,4.08,0.15
108,2021-01-20,PAB,538,194,344,207,329,0,2,401,137,P.A. Bolzano,533050,22288,4.18,0.1
109,2021-01-21,PAB,808,348,460,595,145,68,0,138,670,P.A. Bolzano,533050,23096,4.33,0.15
110,2021-01-22,PAB,143,68,75,45,13,85,0,123,20,P.A. Bolzano,533050,23239,4.36,0.03
111,2021-01-23,PAB,60,25,35,60,0,0,0,0,60,P.A. Bolzano,533050,23299,4.37,0.01
112,2021-01-25,PAB,429,166,263,348,81,0,0,3,426,P.A. Bolzano,533050,23728,4.45,0.08
113,2021-01-26,PAB,696,255,441,578,118,0,0,1,695,P.A. Bolzano,533050,24424,4.58,0.13
114,2020-12-27,SAR,65,34,31,65,0,0,0,65,0,Sardegna,1639591,65,0.0,0.0
115,2020-12-28,SAR,65,25,40,65,0,0,0,65,0,Sardegna,1639591,130,0.01,0.0
116,2020-12-29,SAR,56,31,25,55,1,0,0,56,0,Sardegna,1639591,186,0.01,0.0
117,2020-12-31,SAR,32,16,16,28,4,0,0,32,0,Sardegna,1639591,218,0.01,0.0
118,2021-01-01,SAR,30,16,14,30,0,0,0,30,0,Sardegna,1639591,248,0.02,0.0
119,2021-01-02,SAR,60,21,39,60,0,0,0,60,0,Sardegna,1639591,308,0.02,0.0
120,2021-01-03,SAR,90,36,54,89,1,0,0,90,0,Sardegna,1639591,398,0.02,0.01
121,2021-01-04,SAR,590,217,373,563,27,0,0,590,0,Sardegna,1639591,988,0.06,0.04
122,2021-01-05,SAR,1326,445,881,1280,46,0,0,1326,0,Sardegna,1639591,2314,0.14,0.08
123,2021-01-06,SAR,1595,542,1053,1479,116,0,0,1595,0,Sardegna,1639591,3909,0.24,0.1
124,2021-01-07,SAR,3096,1072,2024,2704,392,0,0,3096,0,Sardegna,1639591,7005,0.43,0.19
125,2021-01-08,SAR,3249,1180,2069,2856,393,0,0,3249,0,Sardegna,1639591,10254,0.63,0.2
126,2021-01-09,SAR,4016,1414,2602,3177,839,0,0,4016,0,Sardegna,1639591,14270,0.87,0.24
127,2021-01-10,SAR,2177,747,1430,1693,484,0,0,2177,0,Sardegna,1639591,16447,1.0,0.13
128,2021-01-11,SAR,1180,504,676,688,492,0,0,1180,0,Sardegna,1639591,17627,1.08,0.07
129,2021-01-12,SAR,865,408,457,514,351,0,0,865,0,Sardegna,1639591,18492,1.13,0.05
130,2021-01-13,SAR,572,178,394,437,135,0,0,572,0,Sardegna,1639591,19064,1.16,0.03
131,2021-01-14,SAR,1101,424,677,878,223,0,0,1101,0,Sardegna,1639591,20165,1.23,0.07
132,2021-01-15,SAR,1558,570,988,1164,394,0,0,1558,0,Sardegna,1639591,21723,1.32,0.1
133,2021-01-16,SAR,1491,525,966,1267,224,0,0,1491,0,Sardegna,1639591,23214,1.42,0.09
134,2021-01-17,SAR,859,277,582,741,118,0,0,858,1,Sardegna,1639591,24073,1.47,0.05
135,2021-01-18,SAR,900,326,574,713,187,0,0,776,124,Sardegna,1639591,24973,1.52,0.05
136,2021-01-19,SAR,747,270,477,423,165,159,0,692,55,Sardegna,1639591,25720,1.57,0.05
137,2021-01-20,SAR,209,77,132,134,75,0,0,207,2,Sardegna,1639591,25929,1.58,0.01
138,2021-01-21,SAR,126,60,66,60,66,0,0,94,32,Sardegna,1639591,26055,1.59,0.01
139,2021-01-22,SAR,82,46,36,44,38,0,0,54,28,Sardegna,1639591,26137,1.59,0.01
140,2021-01-23,SAR,60,22,38,60,0,0,0,0,60,Sardegna,1639591,26197,1.6,0.0
141,2021-01-24,SAR,90,34,56,89,1,0,0,5,85,Sardegna,1639591,26287,1.6,0.01
142,2021-01-25,SAR,587,212,375,552,35,0,0,22,565,Sardegna,1639591,26874,1.64,0.04
143,2020-12-27,LOM,699,405,294,514,172,12,1,699,0,Lombardia,10060574,699,0.01,0.01
144,2020-12-28,LOM,103,44,59,99,4,0,0,103,0,Lombardia,10060574,802,0.01,0.0
145,2020-12-29,LOM,100,43,57,99,1,0,0,100,0,Lombardia,10060574,902,0.01,0.0
146,2020-12-30,LOM,113,42,71,104,9,0,0,113,0,Lombardia,10060574,1015,0.01,0.0
147,2020-12-31,LOM,712,299,413,648,64,0,0,712,0,Lombardia,10060574,1727,0.02,0.01
148,2021-01-01,LOM,24,7,17,21,3,0,0,24,0,Lombardia,10060574,1751,0.02,0.0
149,2021-01-02,LOM,199,72,127,173,26,0,0,199,0,Lombardia,10060574,1950,0.02,0.0
150,2021-01-03,LOM,850,314,536,628,217,4,1,850,0,Lombardia,10060574,2800,0.03,0.01
151,2021-01-04,LOM,5956,2048,3908,4340,1435,166,15,5956,0,Lombardia,10060574,8756,0.09,0.06
152,2021-01-05,LOM,7651,2505,5146,5392,2086,165,8,7651,0,Lombardia,10060574,16407,0.16,0.08
153,2021-01-06,LOM,6968,2455,4513,4420,2518,27,3,6968,0,Lombardia,10060574,23375,0.23,0.07
154,2021-01-07,LOM,11435,3552,7883,7136,3675,559,65,11435,0,Lombardia,10060574,34810,0.35,0.11
155,2021-01-08,LOM,12426,3849,8577,7383,4841,170,32,12426,0,Lombardia,10060574,47236,0.47,0.12
156,2021-01-09,LOM,11567,4242,7325,5051,6322,184,10,11567,0,Lombardia,10060574,58803,0.58,0.11
157,2021-01-10,LOM,10460,3940,6520,3640,6796,7,17,10460,0,Lombardia,10060574,69263,0.69,0.1
158,2021-01-11,LOM,15247,5112,10135,6957,7721,471,98,15247,0,Lombardia,10060574,84510,0.84,0.15
159,2021-01-12,LOM,18999,6356,12643,7227,10355,1260,157,18999,0,Lombardia,10060574,103509,1.03,0.19
160,2021-01-13,LOM,24388,7575,16813,6730,14056,3301,301,24388,0,Lombardia,10060574,127897,1.27,0.24
161,2021-01-14,LOM,24188,7190,16998,5731,13784,4234,439,24188,0,Lombardia,10060574,152085,1.51,0.24
162,2021-01-15,LOM,22565,6706,15859,5005,13701,3455,404,22565,0,Lombardia,10060574,174650,1.74,0.22
163,2021-01-16,LOM,13850,5301,8549,2542,9992,1136,180,13850,0,Lombardia,10060574,188500,1.87,0.14
164,2021-01-17,LOM,7956,3229,4727,1673,6124,114,45,7760,196,Lombardia,10060574,196456,1.95,0.08
165,2021-01-18,LOM,8462,2791,5671,2784,4286,1278,114,7489,973,Lombardia,10060574,204918,2.04,0.08
166,2021-01-19,LOM,7212,2147,5065,2175,3424,1501,112,6741,471,Lombardia,10060574,212130,2.11,0.07
167,2021-01-20,LOM,4963,1231,3732,1392,2447,1035,89,4849,114,Lombardia,10060574,217093,2.16,0.05
168,2021-01-21,LOM,4806,1438,3368,1664,3019,123,0,4123,683,Lombardia,10060574,221899,2.21,0.05
169,2021-01-22,LOM,2565,743,1822,941,1516,108,0,2513,52,Lombardia,10060574,224464,2.23,0.03
170,2021-01-23,LOM,977,305,672,425,535,17,0,779,198,Lombardia,10060574,225441,2.24,0.01
171,2021-01-24,LOM,1092,416,676,715,352,24,1,440,652,Lombardia,10060574,226533,2.25,0.01
172,2021-01-25,LOM,6591,2242,4349,5131,1378,78,4,424,6167,Lombardia,10060574,233124,2.32,0.07
173,2021-01-26,LOM,7091,2362,4729,5652,1372,63,4,249,6842,Lombardia,10060574,240215,2.39,0.07
174,2020-12-27,BAS,106,41,65,104,2,0,0,106,0,Basilicata,559084,106,0.02,0.02
175,2021-01-02,BAS,937,377,560,837,100,0,0,937,0,Basilicata,559084,1043,0.19,0.17
176,2021-01-03,BAS,900,344,556,787,113,0,0,900,0,Basilicata,559084,1943,0.35,0.16
177,2021-01-04,BAS,607,271,336,527,80,0,0,607,0,Basilicata,559084,2550,0.46,0.11
178,2021-01-05,BAS,936,402,534,698,238,0,0,936,0,Basilicata,559084,3486,0.62,0.17
179,2021-01-06,BAS,288,125,163,135,117,36,0,288,0,Basilicata,559084,3774,0.68,0.05
180,2021-01-07,BAS,639,317,322,279,331,29,0,639,0,Basilicata,559084,4413,0.79,0.11
181,2021-01-08,BAS,556,220,336,256,240,60,0,556,0,Basilicata,559084,4969,0.89,0.1
182,2021-01-09,BAS,556,161,395,279,210,67,0,556,0,Basilicata,559084,5525,0.99,0.1
183,2021-01-10,BAS,77,24,53,9,68,0,0,77,0,Basilicata,559084,5602,1.0,0.01
184,2021-01-11,BAS,183,65,118,78,64,41,0,183,0,Basilicata,559084,5785,1.03,0.03
185,2021-01-12,BAS,214,87,127,38,78,98,0,214,0,Basilicata,559084,5999,1.07,0.04
186,2021-01-13,BAS,913,384,529,573,192,148,0,913,0,Basilicata,559084,6912,1.24,0.16
187,2021-01-14,BAS,967,412,555,400,246,321,0,967,0,Basilicata,559084,7879,1.41,0.17
188,2021-01-15,BAS,811,349,462,449,190,172,0,811,0,Basilicata,559084,8690,1.55,0.15
189,2021-01-16,BAS,722,303,419,265,296,161,0,722,0,Basilicata,559084,9412,1.68,0.13
190,2021-01-17,BAS,323,131,192,93,177,53,0,321,2,Basilicata,559084,9735,1.74,0.06
191,2021-01-18,BAS,457,156,301,359,56,42,0,358,99,Basilicata,559084,10192,1.82,0.08
192,2021-01-19,BAS,200,84,116,81,74,45,0,200,0,Basilicata,559084,10392,1.86,0.04
193,2021-01-20,BAS,84,22,62,0,84,0,0,84,0,Basilicata,559084,10476,1.87,0.02
194,2021-01-21,BAS,30,10,20,0,30,0,0,30,0,Basilicata,559084,10506,1.88,0.01
195,2021-01-22,BAS,66,24,42,6,60,0,0,66,0,Basilicata,559084,10572,1.89,0.01
196,2021-01-23,BAS,704,297,407,479,224,1,0,33,671,Basilicata,559084,11276,2.02,0.13
197,2021-01-24,BAS,830,299,531,598,231,1,0,58,772,Basilicata,559084,12106,2.17,0.15
198,2021-01-25,BAS,1018,426,592,660,357,1,0,74,944,Basilicata,559084,13124,2.35,0.18
199,2021-01-26,BAS,602,265,337,348,249,5,0,32,570,Basilicata,559084,13726,2.46,0.11
200,2020-12-27,MOL,50,20,30,29,4,17,0,50,0,Molise,305617,50,0.02,0.02
201,2021-01-04,MOL,314,131,183,300,14,0,0,314,0,Molise,305617,364,0.12,0.1
202,2021-01-05,MOL,449,180,269,441,8,0,0,449,0,Molise,305617,813,0.27,0.15
203,2021-01-06,MOL,681,257,424,447,70,164,0,681,0,Molise,305617,1494,0.49,0.22
204,2021-01-07,MOL,594,208,386,395,54,145,0,594,0,Molise,305617,2088,0.68,0.19
205,2021-01-08,MOL,426,141,285,232,74,120,0,426,0,Molise,305617,2514,0.82,0.14
206,2021-01-09,MOL,449,152,297,215,56,178,0,449,0,Molise,305617,2963,0.97,0.15
207,2021-01-10,MOL,269,72,197,82,19,168,0,269,0,Molise,305617,3232,1.06,0.09
208,2021-01-11,MOL,557,194,363,194,252,111,0,557,0,Molise,305617,3789,1.24,0.18
209,2021-01-12,MOL,336,114,222,132,75,129,0,336,0,Molise,305617,4125,1.35,0.11
210,2021-01-13,MOL,472,159,313,256,74,142,0,472,0,Molise,305617,4597,1.5,0.15
211,2021-01-14,MOL,646,239,407,417,114,115,0,646,0,Molise,305617,5243,1.72,0.21
212,2021-01-15,MOL,538,242,296,398,59,81,0,538,0,Molise,305617,5781,1.89,0.18
213,2021-01-16,MOL,420,166,254,270,23,127,0,420,0,Molise,305617,6201,2.03,0.14
214,2021-01-17,MOL,78,38,40,78,0,0,0,48,30,Molise,305617,6279,2.05,0.03
215,2021-01-18,MOL,114,48,66,97,17,0,0,114,0,Molise,305617,6393,2.09,0.04
216,2021-01-19,MOL,173,63,110,90,61,22,0,162,11,Molise,305617,6566,2.15,0.06
217,2021-01-20,MOL,18,8,10,14,4,0,0,18,0,Molise,305617,6584,2.15,0.01
218,2021-01-21,MOL,6,2,4,0,6,0,0,6,0,Molise,305617,6590,2.16,0.0
219,2021-01-22,MOL,126,35,91,21,32,73,0,126,0,Molise,305617,6716,2.2,0.04
220,2021-01-25,MOL,318,130,188,316,2,0,0,3,315,Molise,305617,7034,2.3,0.1
221,2021-01-26,MOL,434,177,257,428,6,0,0,7,427,Molise,305617,7468,2.44,0.14
222,2020-12-27,MAR,200,97,103,184,12,4,0,200,0,Marche,1525271,200,0.01,0.01
223,2020-12-30,MAR,17,5,12,14,3,0,0,17,0,Marche,1525271,217,0.01,0.0
224,2020-12-31,MAR,383,178,205,370,13,0,0,383,0,Marche,1525271,600,0.04,0.03
225,2021-01-02,MAR,453,139,314,444,9,0,0,453,0,Marche,1525271,1053,0.07,0.03
226,2021-01-03,MAR,896,348,548,759,137,0,0,896,0,Marche,1525271,1949,0.13,0.06
227,2021-01-04,MAR,1500,563,937,1290,199,11,0,1500,0,Marche,1525271,3449,0.23,0.1
228,2021-01-05,MAR,1562,586,976,1436,126,0,0,1562,0,Marche,1525271,5011,0.33,0.1
229,2021-01-06,MAR,2181,792,1389,1738,296,147,0,2181,0,Marche,1525271,7192,0.47,0.14
230,2021-01-07,MAR,1802,633,1169,1480,322,0,0,1802,0,Marche,1525271,8994,0.59,0.12
231,2021-01-08,MAR,1574,588,986,1226,348,0,0,1574,0,Marche,1525271,10568,0.69,0.1
232,2021-01-09,MAR,1709,605,1104,1406,303,0,0,1709,0,Marche,1525271,12277,0.8,0.11
233,2021-01-10,MAR,1737,699,1038,1462,275,0,0,1737,0,Marche,1525271,14014,0.92,0.11
234,2021-01-11,MAR,1176,411,765,1021,155,0,0,1176,0,Marche,1525271,15190,1.0,0.08
235,2021-01-12,MAR,1226,413,813,912,264,50,0,1226,0,Marche,1525271,16416,1.08,0.08
236,2021-01-13,MAR,2105,746,1359,1408,621,76,0,2105,0,Marche,1525271,18521,1.21,0.14
237,2021-01-14,MAR,2010,692,1318,1112,600,298,0,2010,0,Marche,1525271,20531,1.35,0.13
238,2021-01-15,MAR,1771,500,1271,985,420,366,0,1771,0,Marche,1525271,22302,1.46,0.12
239,2021-01-16,MAR,2006,723,1283,1059,662,285,0,2006,0,Marche,1525271,24308,1.59,0.13
240,2021-01-17,MAR,1598,682,916,964,588,46,0,1549,49,Marche,1525271,25906,1.7,0.1
241,2021-01-18,MAR,673,230,443,370,171,132,0,547,126,Marche,1525271,26579,1.74,0.04
242,2021-01-19,MAR,225,81,144,120,20,85,0,141,84,Marche,1525271,26804,1.76,0.01
243,2021-01-20,MAR,398,99,299,146,62,190,0,386,12,Marche,1525271,27202,1.78,0.03
244,2021-01-21,MAR,895,252,643,459,100,336,0,585,310,Marche,1525271,28097,1.84,0.06
245,2021-01-22,MAR,487,167,320,315,85,87,0,194,293,Marche,1525271,28584,1.87,0.03
246,2021-01-23,MAR,557,190,367,440,54,63,0,123,434,Marche,1525271,29141,1.91,0.04
247,2021-01-24,MAR,879,338,541,762,117,0,0,17,862,Marche,1525271,30020,1.97,0.06
248,2021-01-25,MAR,1595,558,1037,1425,114,56,0,97,1498,Marche,1525271,31615,2.07,0.1
249,2021-01-26,MAR,1552,556,996,1395,102,55,0,57,1495,Marche,1525271,33167,2.17,0.1
250,2020-12-27,SIC,71,45,26,55,1,15,0,71,0,Sicilia,4999891,71,0.0,0.0
251,2020-12-28,SIC,186,110,76,184,2,0,0,186,0,Sicilia,4999891,257,0.01,0.0
252,2020-12-29,SIC,210,131,79,210,0,0,0,210,0,Sicilia,4999891,467,0.01,0.0
253,2020-12-30,SIC,101,59,42,91,10,0,0,101,0,Sicilia,4999891,568,0.01,0.0
254,2020-12-31,SIC,794,431,363,745,49,0,0,794,0,Sicilia,4999891,1362,0.03,0.02
255,2021-01-01,SIC,670,359,311,601,69,0,0,670,0,Sicilia,4999891,2032,0.04,0.01
256,2021-01-02,SIC,4154,2160,1994,3668,486,0,0,4154,0,Sicilia,4999891,6186,0.12,0.08
257,2021-01-03,SIC,4324,2251,2073,4012,312,0,0,4324,0,Sicilia,4999891,10510,0.21,0.09
258,2021-01-04,SIC,7421,3692,3729,6744,671,6,0,7421,0,Sicilia,4999891,17931,0.36,0.15
259,2021-01-05,SIC,9815,4828,4987,8462,1165,188,0,9815,0,Sicilia,4999891,27746,0.55,0.2
260,2021-01-06,SIC,5993,3168,2825,5283,708,2,0,5993,0,Sicilia,4999891,33739,0.67,0.12
261,2021-01-07,SIC,8505,3903,4602,7102,1197,206,0,8505,0,Sicilia,4999891,42244,0.84,0.17
262,2021-01-08,SIC,7753,3569,4184,6110,1432,211,0,7753,0,Sicilia,4999891,49997,1.0,0.16
263,2021-01-09,SIC,6882,3189,3693,4682,1769,431,0,6882,0,Sicilia,4999891,56879,1.14,0.14
264,2021-01-10,SIC,3481,1556,1925,2019,1005,457,0,3481,0,Sicilia,4999891,60360,1.21,0.07
265,2021-01-11,SIC,5545,2437,3108,3658,1551,336,0,5545,0,Sicilia,4999891,65905,1.32,0.11
266,2021-01-12,SIC,4006,1934,2072,2599,1216,191,0,4006,0,Sicilia,4999891,69911,1.4,0.08
267,2021-01-13,SIC,4838,2257,2581,2804,1610,424,0,4838,0,Sicilia,4999891,74749,1.5,0.1
268,2021-01-14,SIC,4958,2354,2604,2874,1832,252,0,4958,0,Sicilia,4999891,79707,1.59,0.1
269,2021-01-15,SIC,4808,2112,2696,2658,1697,453,0,4808,0,Sicilia,4999891,84515,1.69,0.1
270,2021-01-16,SIC,2581,1104,1477,1189,1101,291,0,2581,0,Sicilia,4999891,87096,1.74,0.05
271,2021-01-17,SIC,1203,542,661,569,484,150,0,1159,44,Sicilia,4999891,88299,1.77,0.02
272,2021-01-18,SIC,1431,591,840,650,589,192,0,1338,93,Sicilia,4999891,89730,1.79,0.03
273,2021-01-19,SIC,940,412,528,371,423,146,0,769,171,Sicilia,4999891,90670,1.81,0.02
274,2021-01-20,SIC,779,395,384,403,187,189,0,556,223,Sicilia,4999891,91449,1.83,0.02
275,2021-01-21,SIC,1273,626,647,960,185,128,0,479,794,Sicilia,4999891,92722,1.85,0.03
276,2021-01-22,SIC,1198,605,593,1000,82,116,0,239,959,Sicilia,4999891,93920,1.88,0.02
277,2021-01-23,SIC,4001,2072,1929,3768,217,16,0,224,3777,Sicilia,4999891,97921,1.96,0.08
278,2021-01-24,SIC,4264,2228,2036,3921,340,3,0,147,4117,Sicilia,4999891,102185,2.04,0.09
279,2021-01-25,SIC,6768,3318,3450,5971,727,70,0,292,6476,Sicilia,4999891,108953,2.18,0.14
280,2021-01-26,SIC,7045,3464,3581,6284,660,101,0,142,6903,Sicilia,4999891,115998,2.32,0.14
281,2020-12-27,FVG,262,149,113,259,3,0,0,262,0,Friuli Venezia Giulia,1215220,262,0.02,0.02
282,2020-12-30,FVG,630,246,384,601,29,0,0,630,0,Friuli Venezia Giulia,1215220,892,0.07,0.05
283,2020-12-31,FVG,1053,384,669,1011,42,0,0,1053,0,Friuli Venezia Giulia,1215220,1945,0.16,0.09
284,2021-01-02,FVG,1217,471,746,1150,67,0,0,1217,0,Friuli Venezia Giulia,1215220,3162,0.26,0.1
285,2021-01-03,FVG,312,122,190,285,26,1,0,312,0,Friuli Venezia Giulia,1215220,3474,0.29,0.03
286,2021-01-04,FVG,1509,558,951,1391,118,0,0,1509,0,Friuli Venezia Giulia,1215220,4983,0.41,0.12
287,2021-01-05,FVG,1678,549,1129,1348,133,197,0,1678,0,Friuli Venezia Giulia,1215220,6661,0.55,0.14
288,2021-01-06,FVG,709,264,445,514,195,0,0,709,0,Friuli Venezia Giulia,1215220,7370,0.61,0.06
289,2021-01-07,FVG,2089,718,1371,1758,221,110,0,2089,0,Friuli Venezia Giulia,1215220,9459,0.78,0.17
290,2021-01-08,FVG,2319,746,1573,1668,255,396,0,2319,0,Friuli Venezia Giulia,1215220,11778,0.97,0.19
291,2021-01-09,FVG,2512,840,1672,1518,404,590,0,2512,0,Friuli Venezia Giulia,1215220,14290,1.18,0.21
292,2021-01-10,FVG,2937,918,2019,1745,949,243,0,2937,0,Friuli Venezia Giulia,1215220,17227,1.42,0.24
293,2021-01-11,FVG,1872,605,1267,1491,334,47,0,1872,0,Friuli Venezia Giulia,1215220,19099,1.57,0.15
294,2021-01-12,FVG,2248,711,1537,1521,369,358,0,2248,0,Friuli Venezia Giulia,1215220,21347,1.76,0.18
295,2021-01-13,FVG,2635,832,1803,1810,598,227,0,2635,0,Friuli Venezia Giulia,1215220,23982,1.97,0.22
296,2021-01-14,FVG,2573,782,1791,1605,539,429,0,2573,0,Friuli Venezia Giulia,1215220,26555,2.19,0.21
297,2021-01-15,FVG,2023,605,1418,1285,365,373,0,2023,0,Friuli Venezia Giulia,1215220,28578,2.35,0.17
298,2021-01-16,FVG,1228,358,870,769,211,248,0,1228,0,Friuli Venezia Giulia,1215220,29806,2.45,0.1
299,2021-01-17,FVG,1718,522,1196,673,559,486,0,1717,1,Friuli Venezia Giulia,1215220,31524,2.59,0.14
300,2021-01-18,FVG,1951,605,1346,1354,491,106,0,1857,94,Friuli Venezia Giulia,1215220,33475,2.75,0.16
301,2021-01-19,FVG,2,1,1,2,0,0,0,2,0,Friuli Venezia Giulia,1215220,33477,2.75,0.0
302,2021-01-20,FVG,749,323,426,718,31,0,0,11,738,Friuli Venezia Giulia,1215220,34226,2.82,0.06
303,2021-01-21,FVG,891,345,546,860,31,0,0,0,891,Friuli Venezia Giulia,1215220,35117,2.89,0.07
304,2021-01-22,FVG,92,31,61,91,1,0,0,2,90,Friuli Venezia Giulia,1215220,35209,2.9,0.01
305,2021-01-23,FVG,814,323,491,766,48,0,0,4,810,Friuli Venezia Giulia,1215220,36023,2.96,0.07
306,2021-01-24,FVG,305,119,186,277,27,1,0,1,304,Friuli Venezia Giulia,1215220,36328,2.99,0.03
307,2021-01-25,FVG,1577,566,1011,1365,141,71,0,192,1385,Friuli Venezia Giulia,1215220,37905,3.12,0.13
308,2021-01-26,FVG,744,249,495,561,43,140,0,39,705,Friuli Venezia Giulia,1215220,38649,3.18,0.06
309,2020-12-27,PUG,506,249,257,398,45,63,0,506,0,Puglia,4029053,506,0.01,0.01
310,2020-12-30,PUG,2,0,2,1,1,0,0,2,0,Puglia,4029053,508,0.01,0.0
311,2020-12-31,PUG,1631,782,849,1418,169,44,0,1631,0,Puglia,4029053,2139,0.05,0.04
312,2021-01-01,PUG,146,60,86,139,7,0,0,146,0,Puglia,4029053,2285,0.06,0.0
313,2021-01-02,PUG,2926,1284,1642,2653,252,21,0,2926,0,Puglia,4029053,5211,0.13,0.07
314,2021-01-03,PUG,2003,941,1062,1672,188,143,0,2003,0,Puglia,4029053,7214,0.18,0.05
315,2021-01-04,PUG,4495,2008,2487,4226,258,11,0,4495,0,Puglia,4029053,11709,0.29,0.11
316,2021-01-05,PUG,5073,2230,2843,4418,555,95,5,5073,0,Puglia,4029053,16782,0.42,0.13
317,2021-01-06,PUG,3900,1643,2257,2946,578,376,0,3900,0,Puglia,4029053,20682,0.51,0.1
318,2021-01-07,PUG,5671,2430,3241,4931,520,220,0,5671,0,Puglia,4029053,26353,0.65,0.14
319,2021-01-08,PUG,5313,2234,3079,4293,730,290,0,5313,0,Puglia,4029053,31666,0.79,0.13
320,2021-01-09,PUG,4792,2212,2580,4106,443,239,4,4792,0,Puglia,4029053,36458,0.9,0.12
321,2021-01-10,PUG,2331,1051,1280,1845,316,170,0,2331,0,Puglia,4029053,38789,0.96,0.06
322,2021-01-11,PUG,3727,1578,2149,3014,542,171,0,3727,0,Puglia,4029053,42516,1.06,0.09
323,2021-01-12,PUG,4133,1733,2400,3329,599,204,1,4133,0,Puglia,4029053,46649,1.16,0.1
324,2021-01-13,PUG,4478,1698,2780,3501,749,228,0,4478,0,Puglia,4029053,51127,1.27,0.11
325,2021-01-14,PUG,3986,1547,2439,2950,542,494,0,3986,0,Puglia,4029053,55113,1.37,0.1
326,2021-01-15,PUG,4433,1808,2625,3438,490,505,0,4433,0,Puglia,4029053,59546,1.48,0.11
327,2021-01-16,PUG,2441,1006,1435,1577,354,510,0,2441,0,Puglia,4029053,61987,1.54,0.06
328,2021-01-17,PUG,1285,581,704,807,154,324,0,1216,69,Puglia,4029053,63272,1.57,0.03
329,2021-01-18,PUG,1827,756,1071,1116,266,445,0,1478,349,Puglia,4029053,65099,1.62,0.05
330,2021-01-19,PUG,1212,446,766,516,128,568,0,1208,4,Puglia,4029053,66311,1.65,0.03
331,2021-01-20,PUG,1533,535,998,774,174,585,0,1525,8,Puglia,4029053,67844,1.68,0.04
332,2021-01-21,PUG,2113,893,1220,1390,200,523,0,1266,847,Puglia,4029053,69957,1.74,0.05
333,2021-01-22,PUG,1407,576,831,872,162,373,0,992,415,Puglia,4029053,71364,1.77,0.03
334,2021-01-23,PUG,3020,1282,1738,2482,265,273,0,877,2143,Puglia,4029053,74384,1.85,0.07
335,2021-01-24,PUG,1659,744,915,1264,247,148,0,146,1513,Puglia,4029053,76043,1.89,0.04
336,2021-01-25,PUG,3662,1618,2044,3314,180,168,0,421,3241,Puglia,4029053,79705,1.98,0.09
337,2021-01-26,PUG,3855,1706,2149,3487,237,131,0,243,3612,Puglia,4029053,83560,2.07,0.1
338,2020-12-27,UMB,85,45,40,67,2,16,0,85,0,Umbria,882015,85,0.01,0.01
339,2020-12-31,UMB,322,127,195,310,12,0,0,322,0,Umbria,882015,407,0.05,0.04
340,2021-01-01,UMB,269,102,167,268,1,0,0,269,0,Umbria,882015,676,0.08,0.03
341,2021-01-02,UMB,301,110,191,301,0,0,0,301,0,Umbria,882015,977,0.11,0.03
342,2021-01-03,UMB,267,111,156,267,0,0,0,267,0,Umbria,882015,1244,0.14,0.03
343,2021-01-04,UMB,808,397,411,807,1,0,0,808,0,Umbria,882015,2052,0.23,0.09
344,2021-01-05,UMB,850,428,422,845,5,0,0,850,0,Umbria,882015,2902,0.33,0.1
345,2021-01-06,UMB,842,323,519,839,3,0,0,842,0,Umbria,882015,3744,0.42,0.1
346,2021-01-07,UMB,1269,378,891,881,4,384,0,1269,0,Umbria,882015,5013,0.57,0.14
347,2021-01-08,UMB,1185,339,846,926,9,250,0,1185,0,Umbria,882015,6198,0.7,0.13
348,2021-01-09,UMB,1694,487,1207,884,12,798,0,1694,0,Umbria,882015,7892,0.89,0.19
349,2021-01-10,UMB,1038,267,771,737,9,292,0,1038,0,Umbria,882015,8930,1.01,0.12
350,2021-01-11,UMB,1268,333,935,876,20,372,0,1268,0,Umbria,882015,10198,1.16,0.14
351,2021-01-12,UMB,784,247,537,665,14,105,0,784,0,Umbria,882015,10982,1.25,0.09
352,2021-01-13,UMB,450,139,311,379,29,42,0,450,0,Umbria,882015,11432,1.3,0.05
353,2021-01-14,UMB,772,205,567,699,36,37,0,772,0,Umbria,882015,12204,1.38,0.09
354,2021-01-15,UMB,692,212,480,588,44,60,0,692,0,Umbria,882015,12896,1.46,0.08
355,2021-01-16,UMB,220,72,148,145,32,43,0,220,0,Umbria,882015,13116,1.49,0.02
356,2021-01-17,UMB,54,17,37,47,7,0,0,54,0,Umbria,882015,13170,1.49,0.01
357,2021-01-18,UMB,588,215,373,314,150,124,0,504,84,Umbria,882015,13758,1.56,0.07
358,2021-01-19,UMB,103,23,80,21,2,80,0,103,0,Umbria,882015,13861,1.57,0.01
359,2021-01-20,UMB,612,222,390,582,16,14,0,612,0,Umbria,882015,14473,1.64,0.07
360,2021-01-21,UMB,607,200,407,426,13,168,0,338,269,Umbria,882015,15080,1.71,0.07
361,2021-01-22,UMB,276,105,171,273,1,2,0,32,244,Umbria,882015,15356,1.74,0.03
362,2021-01-23,UMB,277,100,177,276,1,0,0,2,275,Umbria,882015,15633,1.77,0.03
363,2021-01-24,UMB,254,104,150,254,0,0,0,1,253,Umbria,882015,15887,1.8,0.03
364,2021-01-25,UMB,647,322,325,645,2,0,0,5,642,Umbria,882015,16534,1.87,0.07
365,2021-01-26,UMB,677,339,338,676,1,0,0,5,672,Umbria,882015,17211,1.95,0.08
366,2020-12-27,ABR,37,19,18,34,1,2,0,37,0,Abruzzo,1304970,37,0.0,0.0
367,2021-01-02,ABR,548,218,330,540,8,0,0,548,0,Abruzzo,1304970,585,0.04,0.04
368,2021-01-03,ABR,471,185,286,464,7,0,0,471,0,Abruzzo,1304970,1056,0.08,0.04
369,2021-01-04,ABR,1401,575,826,1396,5,0,0,1401,0,Abruzzo,1304970,2457,0.19,0.11
370,2021-01-05,ABR,1614,604,1010,1604,10,0,0,1614,0,Abruzzo,1304970,4071,0.31,0.12
371,2021-01-06,ABR,1830,664,1166,1546,151,133,0,1830,0,Abruzzo,1304970,5901,0.45,0.14
372,2021-01-07,ABR,1603,552,1051,1566,37,0,0,1603,0,Abruzzo,1304970,7504,0.58,0.12
373,2021-01-08,ABR,1525,507,1018,1487,38,0,0,1525,0,Abruzzo,1304970,9029,0.69,0.12
374,2021-01-09,ABR,1483,565,918,1430,53,0,0,1483,0,Abruzzo,1304970,10512,0.81,0.11
375,2021-01-10,ABR,1139,409,730,1091,48,0,0,1139,0,Abruzzo,1304970,11651,0.89,0.09
376,2021-01-11,ABR,1551,557,994,1337,166,48,0,1551,0,Abruzzo,1304970,13202,1.01,0.12
377,2021-01-12,ABR,1804,666,1138,1470,334,0,0,1804,0,Abruzzo,1304970,15006,1.15,0.14
378,2021-01-13,ABR,1253,440,813,1103,150,0,0,1253,0,Abruzzo,1304970,16259,1.25,0.1
379,2021-01-14,ABR,530,189,341,364,166,0,0,530,0,Abruzzo,1304970,16789,1.29,0.04
380,2021-01-15,ABR,379,149,230,223,121,35,0,379,0,Abruzzo,1304970,17168,1.32,0.03
381,2021-01-16,ABR,587,239,348,449,123,15,0,587,0,Abruzzo,1304970,17755,1.36,0.04
382,2021-01-17,ABR,187,59,128,136,51,0,0,180,7,Abruzzo,1304970,17942,1.37,0.01
383,2021-01-18,ABR,122,48,74,106,14,2,0,46,76,Abruzzo,1304970,18064,1.38,0.01
384,2021-01-19,ABR,111,55,56,27,34,50,0,91,20,Abruzzo,1304970,18175,1.39,0.01
385,2021-01-20,ABR,447,156,291,147,96,204,0,445,2,Abruzzo,1304970,18622,1.43,0.03
386,2021-01-21,ABR,157,47,110,10,6,141,0,157,0,Abruzzo,1304970,18779,1.44,0.01
387,2021-01-22,ABR,118,57,61,2,4,112,0,118,0,Abruzzo,1304970,18897,1.45,0.01
388,2021-01-23,ABR,263,114,149,223,14,26,0,57,206,Abruzzo,1304970,19160,1.47,0.02
389,2021-01-24,ABR,50,22,28,49,1,0,0,6,44,Abruzzo,1304970,19210,1.47,0.0
390,2021-01-25,ABR,1603,632,971,1583,20,0,0,20,1583,Abruzzo,1304970,20813,1.59,0.12
391,2021-01-26,ABR,1219,429,790,1197,22,0,0,16,1203,Abruzzo,1304970,22032,1.69,0.09
392,2020-12-27,VDA,20,9,11,20,0,0,0,20,0,Valle d'Aosta,125666,20,0.02,0.02
393,2020-12-31,VDA,18,4,14,16,2,0,0,18,0,Valle d'Aosta,125666,38,0.03,0.01
394,2021-01-02,VDA,6,5,1,0,0,6,0,6,0,Valle d'Aosta,125666,44,0.04,0.0
395,2021-01-04,VDA,142,59,83,126,16,0,0,142,0,Valle d'Aosta,125666,186,0.15,0.11
396,2021-01-05,VDA,150,54,96,127,12,11,0,150,0,Valle d'Aosta,125666,336,0.27,0.12
397,2021-01-06,VDA,65,33,32,28,19,18,0,65,0,Valle d'Aosta,125666,401,0.32,0.05
398,2021-01-07,VDA,275,111,164,194,76,5,0,275,0,Valle d'Aosta,125666,676,0.54,0.22
399,2021-01-08,VDA,298,130,168,171,111,16,0,298,0,Valle d'Aosta,125666,974,0.78,0.24
400,2021-01-09,VDA,443,199,244,153,268,22,0,443,0,Valle d'Aosta,125666,1417,1.13,0.35
401,2021-01-10,VDA,220,71,149,168,33,19,0,220,0,Valle d'Aosta,125666,1637,1.3,0.18
402,2021-01-11,VDA,325,112,213,206,89,30,0,325,0,Valle d'Aosta,125666,1962,1.56,0.26
403,2021-01-12,VDA,300,71,229,240,49,11,0,300,0,Valle d'Aosta,125666,2262,1.8,0.24
404,2021-01-13,VDA,282,94,188,134,148,0,0,282,0,Valle d'Aosta,125666,2544,2.02,0.22
405,2021-01-14,VDA,237,69,168,151,84,0,2,237,0,Valle d'Aosta,125666,2781,2.21,0.19
406,2021-01-15,VDA,218,82,136,115,69,28,6,218,0,Valle d'Aosta,125666,2999,2.39,0.17
407,2021-01-16,VDA,236,80,156,127,36,22,51,236,0,Valle d'Aosta,125666,3235,2.57,0.19
408,2021-01-17,VDA,131,56,75,49,3,20,59,131,0,Valle d'Aosta,125666,3366,2.68,0.1
409,2021-01-18,VDA,213,74,139,29,111,27,46,213,0,Valle d'Aosta,125666,3579,2.85,0.17
410,2021-01-19,VDA,256,77,179,160,24,15,57,256,0,Valle d'Aosta,125666,3835,3.05,0.2
411,2021-01-20,VDA,23,8,15,0,0,6,17,23,0,Valle d'Aosta,125666,3858,3.07,0.02
412,2021-01-21,VDA,33,12,21,0,0,33,0,33,0,Valle d'Aosta,125666,3891,3.1,0.03
413,2021-01-22,VDA,56,21,35,36,0,20,0,20,36,Valle d'Aosta,125666,3947,3.14,0.04
414,2021-01-25,VDA,147,65,82,125,16,6,0,0,147,Valle d'Aosta,125666,4094,3.26,0.12
415,2021-01-26,VDA,74,27,47,60,2,12,0,0,74,Valle d'Aosta,125666,4168,3.32,0.06
416,2020-12-27,CAL,274,147,127,272,2,0,0,274,0,Calabria,1947131,274,0.01,0.01
417,2020-12-28,CAL,5,2,3,5,0,0,0,5,0,Calabria,1947131,279,0.01,0.0
418,2021-01-02,CAL,169,97,72,169,0,0,0,169,0,Calabria,1947131,448,0.02,0.01
419,2021-01-03,CAL,5,3,2,4,1,0,0,5,0,Calabria,1947131,453,0.02,0.0
420,2021-01-04,CAL,1088,536,552,1038,50,0,0,1088,0,Calabria,1947131,1541,0.08,0.06
421,2021-01-05,CAL,1575,745,830,1429,146,0,0,1575,0,Calabria,1947131,3116,0.16,0.08
422,2021-01-06,CAL,1074,547,527,1014,60,0,0,1074,0,Calabria,1947131,4190,0.22,0.06
423,2021-01-07,CAL,2880,1426,1454,2579,301,0,0,2880,0,Calabria,1947131,7070,0.36,0.15
424,2021-01-08,CAL,1290,632,658,1171,119,0,0,1290,0,Calabria,1947131,8360,0.43,0.07
425,2021-01-09,CAL,1781,896,885,1540,241,0,0,1781,0,Calabria,1947131,10141,0.52,0.09
426,2021-01-10,CAL,1096,566,530,826,270,0,0,1096,0,Calabria,1947131,11237,0.58,0.06
427,2021-01-11,CAL,1544,791,753,1230,270,44,0,1544,0,Calabria,1947131,12781,0.66,0.08
428,2021-01-12,CAL,1292,624,668,1089,184,19,0,1292,0,Calabria,1947131,14073,0.72,0.07
429,2021-01-13,CAL,1444,706,738,1231,213,0,0,1444,0,Calabria,1947131,15517,0.8,0.07
430,2021-01-14,CAL,1956,967,989,1579,357,20,0,1956,0,Calabria,1947131,17473,0.9,0.1
431,2021-01-15,CAL,1555,720,835,1235,289,31,0,1555,0,Calabria,1947131,19028,0.98,0.08
432,2021-01-16,CAL,1127,548,579,978,131,18,0,1127,0,Calabria,1947131,20155,1.04,0.06
433,2021-01-17,CAL,398,198,200,235,121,42,0,362,36,Calabria,1947131,20553,1.06,0.02
434,2021-01-18,CAL,713,331,382,585,128,0,0,523,190,Calabria,1947131,21266,1.09,0.04
435,2021-01-19,CAL,746,343,403,605,112,29,0,736,10,Calabria,1947131,22012,1.13,0.04
436,2021-01-20,CAL,854,384,470,544,255,55,0,853,1,Calabria,1947131,22866,1.17,0.04
437,2021-01-21,CAL,912,430,482,701,100,111,0,883,29,Calabria,1947131,23778,1.22,0.05
438,2021-01-22,CAL,619,260,359,281,247,91,0,617,2,Calabria,1947131,24397,1.25,0.03
439,2021-01-23,CAL,353,160,193,301,29,23,0,312,41,Calabria,1947131,24750,1.27,0.02
440,2021-01-24,CAL,44,18,26,15,3,26,0,39,5,Calabria,1947131,24794,1.27,0.0
441,2021-01-25,CAL,1023,489,534,982,41,0,0,132,891,Calabria,1947131,25817,1.33,0.05
442,2021-01-26,CAL,856,444,412,737,101,18,0,126,730,Calabria,1947131,26673,1.37,0.04
443,2020-12-27,EMR,964,372,592,656,282,26,0,964,0,Emilia-Romagna,4459477,964,0.02,0.02
444,2020-12-31,EMR,2116,747,1369,1491,325,300,0,2116,0,Emilia-Romagna,4459477,3080,0.07,0.05
445,2021-01-02,EMR,2271,890,1381,1952,169,150,0,2271,0,Emilia-Romagna,4459477,5351,0.12,0.05
446,2021-01-03,EMR,2728,935,1793,2366,192,170,0,2728,0,Emilia-Romagna,4459477,8079,0.18,0.06
447,2021-01-04,EMR,7207,2501,4706,5367,1318,522,0,7207,0,Emilia-Romagna,4459477,15286,0.34,0.16
448,2021-01-05,EMR,9047,3084,5963,6349,2063,635,0,9047,0,Emilia-Romagna,4459477,24333,0.55,0.2
449,2021-01-06,EMR,8142,2907,5235,5675,1890,577,0,8142,0,Emilia-Romagna,4459477,32475,0.73,0.18
450,2021-01-07,EMR,9799,3278,6521,6631,2371,797,0,9799,0,Emilia-Romagna,4459477,42274,0.95,0.22
451,2021-01-08,EMR,10320,3428,6892,6901,2600,819,0,10320,0,Emilia-Romagna,4459477,52594,1.18,0.23
452,2021-01-09,EMR,9257,3236,6021,6100,2581,576,0,9257,0,Emilia-Romagna,4459477,61851,1.39,0.21
453,2021-01-10,EMR,6840,2565,4275,4247,2267,326,0,6840,0,Emilia-Romagna,4459477,68691,1.54,0.15
454,2021-01-11,EMR,8957,3177,5780,4948,3059,950,0,8957,0,Emilia-Romagna,4459477,77648,1.74,0.2
455,2021-01-12,EMR,9219,3046,6173,5003,2729,1487,0,9219,0,Emilia-Romagna,4459477,86867,1.95,0.21
456,2021-01-13,EMR,8913,2884,6029,4508,2947,1458,0,8913,0,Emilia-Romagna,4459477,95780,2.15,0.2
457,2021-01-14,EMR,7907,2516,5391,3955,2546,1406,0,7907,0,Emilia-Romagna,4459477,103687,2.33,0.18
458,2021-01-15,EMR,6968,2179,4789,3763,2328,877,0,6968,0,Emilia-Romagna,4459477,110655,2.48,0.16
459,2021-01-16,EMR,5126,1599,3527,2814,1658,654,0,5119,7,Emilia-Romagna,4459477,115781,2.6,0.11
460,2021-01-17,EMR,2578,828,1750,1412,1012,154,0,2330,248,Emilia-Romagna,4459477,118359,2.65,0.06
461,2021-01-18,EMR,2561,767,1794,1282,721,558,0,1909,652,Emilia-Romagna,4459477,120920,2.71,0.06
462,2021-01-19,EMR,1593,373,1220,562,153,878,0,1575,18,Emilia-Romagna,4459477,122513,2.75,0.04
463,2021-01-20,EMR,772,152,620,210,89,473,0,771,1,Emilia-Romagna,4459477,123285,2.76,0.02
464,2021-01-21,EMR,1540,568,972,976,154,410,0,406,1134,Emilia-Romagna,4459477,124825,2.8,0.03
465,2021-01-22,EMR,1477,399,1078,870,163,444,0,737,740,Emilia-Romagna,4459477,126302,2.83,0.03
466,2021-01-23,EMR,2010,768,1242,1795,88,127,0,270,1740,Emilia-Romagna,4459477,128312,2.88,0.05
467,2021-01-24,EMR,2174,801,1373,2051,122,1,0,107,2067,Emilia-Romagna,4459477,130486,2.93,0.05
468,2021-01-25,EMR,5376,1815,3561,4287,594,495,0,131,5245,Emilia-Romagna,4459477,135862,3.05,0.12
469,2021-01-26,EMR,2469,920,1549,1826,331,312,0,75,2394,Emilia-Romagna,4459477,138331,3.1,0.06
470,2020-12-27,PAT,103,40,63,78,5,20,0,103,0,P.A. Trento,541380,103,0.02,0.02
471,2020-12-30,PAT,6,2,4,4,1,1,0,6,0,P.A. Trento,541380,109,0.02,0.0
472,2020-12-31,PAT,1576,435,1141,807,104,665,0,1576,0,P.A. Trento,541380,1685,0.31,0.29
473,2021-01-01,PAT,205,48,157,108,11,86,0,205,0,P.A. Trento,541380,1890,0.35,0.04
474,2021-01-02,PAT,497,142,355,333,25,139,0,497,0,P.A. Trento,541380,2387,0.44,0.09
475,2021-01-03,PAT,483,158,325,409,12,62,0,483,0,P.A. Trento,541380,2870,0.53,0.09
476,2021-01-04,PAT,806,195,611,480,49,277,0,806,0,P.A. Trento,541380,3676,0.68,0.15
477,2021-01-05,PAT,684,228,456,476,53,155,0,684,0,P.A. Trento,541380,4360,0.81,0.13
478,2021-01-06,PAT,42,13,29,42,0,0,0,42,0,P.A. Trento,541380,4402,0.81,0.01
479,2021-01-07,PAT,1261,308,953,644,64,553,0,1261,0,P.A. Trento,541380,5663,1.05,0.23
480,2021-01-08,PAT,1432,311,1121,756,152,524,0,1432,0,P.A. Trento,541380,7095,1.31,0.26
481,2021-01-09,PAT,183,40,143,139,14,30,0,183,0,P.A. Trento,541380,7278,1.34,0.03
482,2021-01-10,PAT,84,19,65,53,19,12,0,84,0,P.A. Trento,541380,7362,1.36,0.02
483,2021-01-11,PAT,720,218,502,512,58,150,0,720,0,P.A. Trento,541380,8082,1.49,0.13
484,2021-01-12,PAT,494,158,336,397,43,54,0,494,0,P.A. Trento,541380,8576,1.58,0.09
485,2021-01-13,PAT,413,121,292,380,15,18,0,413,0,P.A. Trento,541380,8989,1.66,0.08
486,2021-01-14,PAT,687,199,488,466,19,202,0,687,0,P.A. Trento,541380,9676,1.79,0.13
487,2021-01-15,PAT,569,124,445,447,31,91,0,569,0,P.A. Trento,541380,10245,1.89,0.11
488,2021-01-16,PAT,316,147,169,299,3,14,0,316,0,P.A. Trento,541380,10561,1.95,0.06
489,2021-01-17,PAT,251,195,56,2,249,0,0,251,0,P.A. Trento,541380,10812,2.0,0.05
490,2021-01-18,PAT,606,141,465,512,42,52,0,559,47,P.A. Trento,541380,11418,2.11,0.11
491,2021-01-19,PAT,402,77,325,324,42,36,0,402,0,P.A. Trento,541380,11820,2.18,0.07
492,2021-01-20,PAT,287,71,216,224,15,48,0,275,12,P.A. Trento,541380,12107,2.24,0.05
493,2021-01-21,PAT,349,93,256,289,44,16,0,227,122,P.A. Trento,541380,12456,2.3,0.06
494,2021-01-22,PAT,1603,417,1186,858,126,619,0,313,1290,P.A. Trento,541380,14059,2.6,0.3
495,2021-01-23,PAT,571,331,240,219,264,88,0,384,187,P.A. Trento,541380,14630,2.7,0.11
496,2021-01-24,PAT,545,274,271,310,235,0,0,222,323,P.A. Trento,541380,15175,2.8,0.1
497,2021-01-25,PAT,765,203,562,480,27,258,0,23,742,P.A. Trento,541380,15940,2.94,0.14
498,2021-01-26,PAT,208,81,127,207,1,0,0,8,200,P.A. Trento,541380,16148,2.98,0.04
499,2020-12-27,TOS,619,267,352,460,146,13,0,619,0,Toscana,3729641,619,0.02,0.02
500,2020-12-30,TOS,325,104,221,34,10,281,0,325,0,Toscana,3729641,944,0.03,0.01
501,2020-12-31,TOS,786,196,590,97,7,682,0,786,0,Toscana,3729641,1730,0.05,0.02
502,2021-01-01,TOS,2366,786,1580,1716,2,648,0,2366,0,Toscana,3729641,4096,0.11,0.06
503,2021-01-02,TOS,3497,1097,2400,2682,15,800,0,3497,0,Toscana,3729641,7593,0.2,0.09
504,2021-01-03,TOS,3335,1052,2283,2564,9,762,0,3335,0,Toscana,3729641,10928,0.29,0.09
505,2021-01-04,TOS,5056,1890,3166,4095,32,929,0,5056,0,Toscana,3729641,15984,0.43,0.14
506,2021-01-05,TOS,5240,1752,3488,4350,11,879,0,5240,0,Toscana,3729641,21224,0.57,0.14
507,2021-01-06,TOS,4512,1458,3054,3979,10,523,0,4512,0,Toscana,3729641,25736,0.69,0.12
508,2021-01-07,TOS,5987,1742,4245,5300,30,657,0,5987,0,Toscana,3729641,31723,0.85,0.16
509,2021-01-08,TOS,5940,1640,4300,5358,39,543,0,5940,0,Toscana,3729641,37663,1.01,0.16
510,2021-01-09,TOS,4480,1594,2886,3778,144,558,0,4480,0,Toscana,3729641,42143,1.13,0.12
511,2021-01-10,TOS,2995,1100,1895,2432,138,425,0,2995,0,Toscana,3729641,45138,1.21,0.08
512,2021-01-11,TOS,5087,1687,3400,4356,210,521,0,5087,0,Toscana,3729641,50225,1.35,0.14
513,2021-01-12,TOS,3580,1396,2184,2943,283,354,0,3580,0,Toscana,3729641,53805,1.44,0.1
514,2021-01-13,TOS,4060,1398,2662,3307,349,404,0,4060,0,Toscana,3729641,57865,1.55,0.11
515,2021-01-14,TOS,3253,1179,2074,2458,475,320,0,3253,0,Toscana,3729641,61118,1.64,0.09
516,2021-01-15,TOS,3878,1347,2531,2758,676,444,0,3878,0,Toscana,3729641,64996,1.74,0.1
517,2021-01-16,TOS,3247,1037,2210,2493,537,217,0,3247,0,Toscana,3729641,68243,1.83,0.09
518,2021-01-17,TOS,2485,836,1649,2003,293,189,0,1972,513,Toscana,3729641,70728,1.9,0.07
519,2021-01-18,TOS,1119,636,483,430,314,375,0,1021,98,Toscana,3729641,71847,1.93,0.03
520,2021-01-19,TOS,1102,529,573,392,221,489,0,1102,0,Toscana,3729641,72949,1.96,0.03
521,2021-01-20,TOS,1331,637,694,434,256,641,0,1083,248,Toscana,3729641,74280,1.99,0.04
522,2021-01-21,TOS,1569,686,883,573,220,776,0,850,719,Toscana,3729641,75849,2.03,0.04
523,2021-01-22,TOS,2820,1043,1777,2021,81,718,0,506,2314,Toscana,3729641,78669,2.11,0.08
524,2021-01-23,TOS,3965,1360,2605,2952,172,841,0,639,3326,Toscana,3729641,82634,2.22,0.11
525,2021-01-24,TOS,3347,1072,2275,2601,37,709,0,199,3148,Toscana,3729641,85981,2.31,0.09
526,2021-01-25,TOS,5059,1866,3193,4143,56,860,0,237,4822,Toscana,3729641,91040,2.44,0.14
527,2021-01-26,TOS,4518,1521,2997,3802,62,654,0,108,4410,Toscana,3729641,95558,2.56,0.12
528,2020-12-27,LIG,131,54,77,85,2,44,0,131,0,Liguria,1550640,131,0.01,0.01
529,2020-12-28,LIG,75,26,49,72,3,0,0,75,0,Liguria,1550640,206,0.01,0.0
530,2020-12-29,LIG,118,32,86,87,10,21,0,118,0,Liguria,1550640,324,0.02,0.01
531,2020-12-30,LIG,9,3,6,9,0,0,0,9,0,Liguria,1550640,333,0.02,0.0
532,2020-12-31,LIG,948,334,614,610,221,113,4,948,0,Liguria,1550640,1281,0.08,0.06
533,2021-01-01,LIG,144,55,89,133,11,0,0,144,0,Liguria,1550640,1425,0.09,0.01
534,2021-01-02,LIG,686,245,441,374,312,0,0,686,0,Liguria,1550640,2111,0.14,0.04
535,2021-01-03,LIG,724,225,499,376,348,0,0,724,0,Liguria,1550640,2835,0.18,0.05
536,2021-01-04,LIG,2301,776,1525,1525,733,43,0,2301,0,Liguria,1550640,5136,0.33,0.15
537,2021-01-05,LIG,2743,853,1890,1550,992,198,3,2743,0,Liguria,1550640,7879,0.51,0.18
538,2021-01-06,LIG,1627,599,1028,827,748,52,0,1627,0,Liguria,1550640,9506,0.61,0.1
539,2021-01-07,LIG,2925,1011,1914,1555,1184,186,0,2925,0,Liguria,1550640,12431,0.8,0.19
540,2021-01-08,LIG,2679,923,1756,1394,1087,198,0,2679,0,Liguria,1550640,15110,0.97,0.17
541,2021-01-09,LIG,1301,461,840,578,590,133,0,1301,0,Liguria,1550640,16411,1.06,0.08
542,2021-01-10,LIG,571,238,333,125,358,88,0,571,0,Liguria,1550640,16982,1.1,0.04
543,2021-01-11,LIG,2412,895,1517,1304,961,147,0,2412,0,Liguria,1550640,19394,1.25,0.16
544,2021-01-12,LIG,2138,795,1343,1155,766,217,0,2138,0,Liguria,1550640,21532,1.39,0.14
545,2021-01-13,LIG,2622,961,1661,943,1351,328,0,2622,0,Liguria,1550640,24154,1.56,0.17
546,2021-01-14,LIG,2605,924,1681,904,1406,295,0,2605,0,Liguria,1550640,26759,1.73,0.17
547,2021-01-15,LIG,2064,705,1359,555,1227,282,0,2064,0,Liguria,1550640,28823,1.86,0.13
548,2021-01-16,LIG,1249,541,708,188,808,253,0,1249,0,Liguria,1550640,30072,1.94,0.08
549,2021-01-17,LIG,558,258,300,20,449,89,0,558,0,Liguria,1550640,30630,1.98,0.04
550,2021-01-18,LIG,1624,622,1002,553,877,194,0,1475,149,Liguria,1550640,32254,2.08,0.1
551,2021-01-19,LIG,1174,397,777,454,468,252,0,1089,85,Liguria,1550640,33428,2.16,0.08
552,2021-01-20,LIG,1184,448,736,394,471,319,0,1173,11,Liguria,1550640,34612,2.23,0.08
553,2021-01-21,LIG,816,304,512,409,222,184,1,445,371,Liguria,1550640,35428,2.28,0.05
554,2021-01-22,LIG,1466,491,975,721,345,400,0,993,473,Liguria,1550640,36894,2.38,0.09
555,2021-01-23,LIG,699,266,433,578,121,0,0,44,655,Liguria,1550640,37593,2.42,0.05
556,2021-01-24,LIG,688,212,476,587,47,54,0,56,632,Liguria,1550640,38281,2.47,0.04
557,2021-01-25,LIG,2335,785,1550,1861,303,171,0,230,2105,Liguria,1550640,40616,2.62,0.15
558,2021-01-26,LIG,1498,481,1017,1202,186,110,0,20,1478,Liguria,1550640,42114,2.72,0.1
559,2020-12-27,LAZ,139,66,73,139,0,0,0,139,0,Lazio,5879082,139,0.0,0.0
560,2020-12-28,LAZ,516,228,288,515,1,0,0,516,0,Lazio,5879082,655,0.01,0.01
561,2020-12-29,LAZ,418,150,268,418,0,0,0,418,0,Lazio,5879082,1073,0.02,0.01
562,2020-12-30,LAZ,1600,621,979,1574,0,26,0,1600,0,Lazio,5879082,2673,0.05,0.03
563,2020-12-31,LAZ,5217,2094,3123,4926,12,279,0,5217,0,Lazio,5879082,7890,0.13,0.09
564,2021-01-01,LAZ,3553,1381,2172,3483,2,68,0,3553,0,Lazio,5879082,11443,0.19,0.06
565,2021-01-02,LAZ,6701,2628,4073,6239,104,358,0,6701,0,Lazio,5879082,18144,0.31,0.11
566,2021-01-03,LAZ,5250,1972,3278,5082,103,65,0,5250,0,Lazio,5879082,23394,0.4,0.09
567,2021-01-04,LAZ,7474,2905,4569,7071,87,316,0,7474,0,Lazio,5879082,30868,0.53,0.13
568,2021-01-05,LAZ,7365,2801,4564,6685,103,577,0,7365,0,Lazio,5879082,38233,0.65,0.13
569,2021-01-06,LAZ,5091,1949,3142,4609,162,320,0,5091,0,Lazio,5879082,43324,0.74,0.09
570,2021-01-07,LAZ,7708,2886,4822,6742,400,566,0,7708,0,Lazio,5879082,51032,0.87,0.13
571,2021-01-08,LAZ,7696,2882,4814,6327,572,797,0,7696,0,Lazio,5879082,58728,1.0,0.13
572,2021-01-09,LAZ,6281,2554,3727,4917,746,618,0,6281,0,Lazio,5879082,65009,1.11,0.11
573,2021-01-10,LAZ,4032,1697,2335,3127,654,251,0,4032,0,Lazio,5879082,69041,1.17,0.07
574,2021-01-11,LAZ,5519,2100,3419,4446,505,568,0,5519,0,Lazio,5879082,74560,1.27,0.09
575,2021-01-12,LAZ,5353,1958,3395,4102,669,582,0,5353,0,Lazio,5879082,79913,1.36,0.09
576,2021-01-13,LAZ,5481,2023,3458,3820,678,980,3,5481,0,Lazio,5879082,85394,1.45,0.09
577,2021-01-14,LAZ,5184,1955,3229,3568,746,786,84,5184,0,Lazio,5879082,90578,1.54,0.09
578,2021-01-15,LAZ,6163,2444,3719,4124,896,988,155,6163,0,Lazio,5879082,96741,1.65,0.1
579,2021-01-16,LAZ,5275,2044,3231,3148,622,1037,468,5275,0,Lazio,5879082,102016,1.74,0.09
580,2021-01-17,LAZ,4412,1773,2639,2813,613,176,810,4306,106,Lazio,5879082,106428,1.81,0.08
581,2021-01-18,LAZ,5279,2032,3247,3230,884,712,453,4790,489,Lazio,5879082,111707,1.9,0.09
582,2021-01-19,LAZ,4287,1647,2640,2806,692,381,408,3834,453,Lazio,5879082,115994,1.97,0.07
583,2021-01-20,LAZ,4292,1635,2657,3173,447,387,285,2780,1512,Lazio,5879082,120286,2.05,0.07
584,2021-01-21,LAZ,5220,2098,3122,4700,163,232,125,196,5024,Lazio,5879082,125506,2.13,0.09
585,2021-01-22,LAZ,3661,1442,2219,3318,151,70,122,147,3514,Lazio,5879082,129167,2.2,0.06
586,2021-01-23,LAZ,6881,2682,4199,5818,521,417,125,255,6626,Lazio,5879082,136048,2.31,0.12
587,2021-01-24,LAZ,5467,2109,3358,4752,455,134,126,385,5082,Lazio,5879082,141515,2.41,0.09
588,2021-01-25,LAZ,7639,3007,4632,6743,469,305,122,417,7222,Lazio,5879082,149154,2.54,0.13
589,2021-01-26,LAZ,7210,2749,4461,6105,434,552,119,333,6877,Lazio,5879082,156364,2.66,0.12
590,2020-12-27,VEN,880,395,485,875,5,0,0,880,0,Veneto,4905854,880,0.02,0.02
591,2020-12-30,VEN,699,245,454,598,62,39,0,699,0,Veneto,4905854,1579,0.03,0.01
592,2020-12-31,VEN,3221,1044,2177,2697,273,251,0,3221,0,Veneto,4905854,4800,0.1,0.07
593,2021-01-01,VEN,1524,470,1054,1485,38,1,0,1524,0,Veneto,4905854,6324,0.13,0.03
594,2021-01-02,VEN,5740,1766,3974,4772,422,544,2,5740,0,Veneto,4905854,12064,0.25,0.12
595,2021-01-03,VEN,5156,1562,3594,4457,450,249,0,5156,0,Veneto,4905854,17220,0.35,0.11
596,2021-01-04,VEN,6713,2026,4687,5190,609,913,1,6713,0,Veneto,4905854,23933,0.49,0.14
597,2021-01-05,VEN,7311,2178,5133,5387,804,1120,0,7311,0,Veneto,4905854,31244,0.64,0.15
598,2021-01-06,VEN,8061,2357,5704,6199,1068,793,1,8061,0,Veneto,4905854,39305,0.8,0.16
599,2021-01-07,VEN,8321,2306,6015,5422,1100,1799,0,8321,0,Veneto,4905854,47626,0.97,0.17
600,2021-01-08,VEN,9340,2808,6532,5877,1660,1800,3,9340,0,Veneto,4905854,56966,1.16,0.19
601,2021-01-09,VEN,7881,2517,5364,4917,1415,1547,2,7881,0,Veneto,4905854,64847,1.32,0.16
602,2021-01-10,VEN,5007,1659,3348,3188,1439,378,2,5007,0,Veneto,4905854,69854,1.42,0.1
603,2021-01-11,VEN,7003,2045,4958,3342,1563,1851,247,7003,0,Veneto,4905854,76857,1.57,0.14
604,2021-01-12,VEN,5189,1509,3680,2200,1096,1727,166,5189,0,Veneto,4905854,82046,1.67,0.11
605,2021-01-13,VEN,5897,1581,4316,2710,1358,1826,3,5897,0,Veneto,4905854,87943,1.79,0.12
606,2021-01-14,VEN,6968,1882,5086,2904,1647,2400,17,6968,0,Veneto,4905854,94911,1.93,0.14
607,2021-01-15,VEN,5703,1751,3952,2587,1678,1429,9,5703,0,Veneto,4905854,100614,2.05,0.12
608,2021-01-16,VEN,4482,1505,2977,2567,1274,641,0,4482,0,Veneto,4905854,105096,2.14,0.09
609,2021-01-17,VEN,1917,777,1140,1140,654,120,3,1567,350,Veneto,4905854,107013,2.18,0.04
610,2021-01-18,VEN,2676,758,1918,1060,675,933,8,2472,204,Veneto,4905854,109689,2.24,0.05
611,2021-01-19,VEN,1296,466,830,700,273,317,6,1147,149,Veneto,4905854,110985,2.26,0.03
612,2021-01-20,VEN,1039,367,672,686,140,213,0,387,652,Veneto,4905854,112024,2.28,0.02
613,2021-01-21,VEN,2254,718,1536,1970,165,119,0,21,2233,Veneto,4905854,114278,2.33,0.05
614,2021-01-22,VEN,1081,332,749,939,84,58,0,27,1054,Veneto,4905854,115359,2.35,0.02
615,2021-01-23,VEN,4060,1253,2807,3392,217,450,1,35,4025,Veneto,4905854,119419,2.43,0.08
616,2021-01-24,VEN,4108,1215,2893,3726,160,222,0,27,4081,Veneto,4905854,123527,2.52,0.08
617,2021-01-25,VEN,6324,2016,4308,4951,550,816,7,171,6153,Veneto,4905854,129851,2.65,0.13
618,2021-01-26,VEN,5932,1762,4170,4607,622,703,0,139,5793,Veneto,4905854,135783,2.77,0.12
