,date,variable,Germany,Israel,Italy,Spain,United Kingdom,United States
0,19-12-2020,Vaccinazioni giornaliere,,,,,,
1,19-12-2020,Vaccinazioni giornaliere ogni cento abitanti,,,,,,
4,20-12-2020,Vaccinazioni giornaliere,,7359.0,,,,
5,20-12-2020,Vaccinazioni giornaliere ogni cento abitanti,,0.085,,,,
8,21-12-2020,Vaccinazioni giornaliere,,16121.0,,,,57909.0
9,21-12-2020,Vaccinazioni giornaliere ogni cento abitanti,,0.1863,,,,0.0173
12,22-12-2020,Vaccinazioni giornaliere,,25620.0,,,,127432.0
13,22-12-2020,Vaccinazioni giornaliere ogni cento abitanti,,0.296,,,,0.0381
16,23-12-2020,Vaccinazioni giornaliere,,34925.0,,,,150606.0
17,23-12-2020,Vaccinazioni giornaliere ogni cento abitanti,,0.4035,,,,0.045
20,24-12-2020,Vaccinazioni giornaliere,,42604.0,,,,191001.0
21,24-12-2020,Vaccinazioni giornaliere ogni cento abitanti,,0.4922,,,,0.0571
24,25-12-2020,Vaccinazioni giornaliere,,41912.0,,,,215238.0
25,25-12-2020,Vaccinazioni giornaliere ogni cento abitanti,,0.4842,,,,0.0644
28,26-12-2020,Vaccinazioni giornaliere,,40577.0,,,,231396.0
29,26-12-2020,Vaccinazioni giornaliere ogni cento abitanti,,0.4688,,,,0.0692
32,27-12-2020,Vaccinazioni giornaliere,,54436.0,,,,211379.0
33,27-12-2020,Vaccinazioni giornaliere ogni cento abitanti,,0.6289,,,,0.0632
36,28-12-2020,Vaccinazioni giornaliere,18560.0,70139.0,1429.0,,,216147.0
37,28-12-2020,Vaccinazioni giornaliere ogni cento abitanti,0.0222,0.8103,0.0024,,,0.0646
40,29-12-2020,Vaccinazioni giornaliere,34690.0,86042.0,1220.0,,,235685.0
41,29-12-2020,Vaccinazioni giornaliere ogni cento abitanti,0.0414,0.9941,0.002,,,0.0705
44,30-12-2020,Vaccinazioni giornaliere,44129.0,98881.0,2388.0,,,255223.0
45,30-12-2020,Vaccinazioni giornaliere ogni cento abitanti,0.0527,1.1424,0.0039,,,0.0763
48,31-12-2020,Vaccinazioni giornaliere,45644.0,111000.0,8162.0,,,278776.0
49,31-12-2020,Vaccinazioni giornaliere ogni cento abitanti,0.0545,1.2824,0.0135,,,0.0834
52,01-01-2021,Vaccinazioni giornaliere,40302.0,115683.0,8742.0,,,302329.0
53,01-01-2021,Vaccinazioni giornaliere ogni cento abitanti,0.0481,1.3365,0.0145,,,0.0904
56,02-01-2021,Vaccinazioni giornaliere,42341.0,121261.0,13706.0,,,325882.0
57,02-01-2021,Vaccinazioni giornaliere ogni cento abitanti,0.0505,1.401,0.0227,,,0.0974
60,03-01-2021,Vaccinazioni giornaliere,39706.0,127694.0,16773.0,,,336949.0
61,03-01-2021,Vaccinazioni giornaliere ogni cento abitanti,0.0474,1.4753,0.0277,,,0.1007
64,04-01-2021,Vaccinazioni giornaliere,43936.0,130126.0,26403.0,,182220.0,348017.0
65,04-01-2021,Vaccinazioni giornaliere ogni cento abitanti,0.0524,1.5034,0.0437,,0.2684,0.1041
68,05-01-2021,Vaccinazioni giornaliere,44357.0,125684.0,37663.0,56505.0,182220.0,339372.0
69,05-01-2021,Vaccinazioni giornaliere ogni cento abitanti,0.0529,1.4521,0.0623,0.1209,0.2684,0.1015
72,06-01-2021,Vaccinazioni giornaliere,44309.0,118592.0,46304.0,45248.0,182220.0,358887.0
73,06-01-2021,Vaccinazioni giornaliere ogni cento abitanti,0.0529,1.3701,0.0766,0.0968,0.2684,0.1073
76,07-01-2021,Vaccinazioni giornaliere,45151.0,112543.0,55852.0,41496.0,182220.0,378253.0
77,07-01-2021,Vaccinazioni giornaliere ogni cento abitanti,0.0539,1.3002,0.0924,0.0888,0.2684,0.1131
80,08-01-2021,Vaccinazioni giornaliere,51454.0,111837.0,67939.0,48786.0,182220.0,419933.0
81,08-01-2021,Vaccinazioni giornaliere ogni cento abitanti,0.0614,1.2921,0.1124,0.1043,0.2684,0.1256
84,09-01-2021,Vaccinazioni giornaliere,52725.0,107960.0,74865.0,47569.0,182220.0,461263.0
85,09-01-2021,Vaccinazioni giornaliere ogni cento abitanti,0.0629,1.2473,0.1238,0.1017,0.2684,0.1379
88,10-01-2021,Vaccinazioni giornaliere,54385.0,92835.0,78464.0,46759.0,182220.0,546636.0
89,10-01-2021,Vaccinazioni giornaliere ogni cento abitanti,0.0649,1.0725,0.1298,0.1,0.2684,0.1634
92,11-01-2021,Vaccinazioni giornaliere,57160.0,76895.0,80215.0,46180.0,179880.0,632009.0
93,11-01-2021,Vaccinazioni giornaliere ogni cento abitanti,0.0682,0.8884,0.1327,0.0988,0.265,0.189
96,12-01-2021,Vaccinazioni giornaliere,61299.0,67566.0,80575.0,49826.0,185810.0,641524.0
97,12-01-2021,Vaccinazioni giornaliere ogni cento abitanti,0.0732,0.7806,0.1333,0.1066,0.2737,0.1918
100,13-01-2021,Vaccinazioni giornaliere,68319.0,68375.0,84792.0,58330.0,201020.0,710238.0
101,13-01-2021,Vaccinazioni giornaliere ogni cento abitanti,0.0815,0.79,0.1402,0.1248,0.2961,0.2124
104,14-01-2021,Vaccinazioni giornaliere,72184.0,69693.0,85011.0,66980.0,220981.0,747082.0
105,14-01-2021,Vaccinazioni giornaliere ogni cento abitanti,0.0862,0.8052,0.1406,0.1433,0.3255,0.2234
108,15-01-2021,Vaccinazioni giornaliere,76257.0,69722.0,84170.0,70139.0,244311.0,798707.0
109,15-01-2021,Vaccinazioni giornaliere ogni cento abitanti,0.091,0.8055,0.1392,0.15,0.3599,0.2388
112,16-01-2021,Vaccinazioni giornaliere,75705.0,71274.0,81035.0,70181.0,260958.0,811670.0
113,16-01-2021,Vaccinazioni giornaliere ogni cento abitanti,0.0904,0.8234,0.134,0.1501,0.3844,0.2427
116,17-01-2021,Vaccinazioni giornaliere,77632.0,86869.0,77718.0,70223.0,262404.0,824632.0
117,17-01-2021,Vaccinazioni giornaliere ogni cento abitanti,0.0927,1.0036,0.1285,0.1502,0.3865,0.2466
120,18-01-2021,Vaccinazioni giornaliere,79779.0,108222.0,72406.0,70264.0,268518.0,837595.0
121,18-01-2021,Vaccinazioni giornaliere ogni cento abitanti,0.0952,1.2503,0.1198,0.1503,0.3955,0.2504
124,19-01-2021,Vaccinazioni giornaliere,84775.0,129728.0,65351.0,68282.0,286118.0,911493.0
125,19-01-2021,Vaccinazioni giornaliere ogni cento abitanti,0.1012,1.4988,0.1081,0.146,0.4215,0.2725
128,20-01-2021,Vaccinazioni giornaliere,87662.0,145610.0,56210.0,63471.0,297294.0,892403.0
129,20-01-2021,Vaccinazioni giornaliere ogni cento abitanti,0.1046,1.6823,0.093,0.1358,0.4379,0.2668
132,21-01-2021,Vaccinazioni giornaliere,91173.0,161105.0,47888.0,61016.0,310246.0,913912.0
133,21-01-2021,Vaccinazioni giornaliere ogni cento abitanti,0.1088,1.8613,0.0792,0.1305,0.457,0.2733
136,22-01-2021,Vaccinazioni giornaliere,92962.0,167125.0,38866.0,56696.0,329466.0,975540.0
137,22-01-2021,Vaccinazioni giornaliere ogni cento abitanti,0.111,1.9308,0.0643,0.1213,0.4853,0.2917
140,23-01-2021,Vaccinazioni giornaliere,96880.0,172550.0,35116.0,55680.0,357218.0,1057387.0
141,23-01-2021,Vaccinazioni giornaliere ogni cento abitanti,0.1156,1.9935,0.0581,0.1191,0.5262,0.3162
144,24-01-2021,Vaccinazioni giornaliere,96913.0,180630.0,34644.0,54664.0,361321.0,1122182.0
145,24-01-2021,Vaccinazioni giornaliere ogni cento abitanti,0.1157,2.0869,0.0573,0.1169,0.5322,0.3355
148,25-01-2021,Vaccinazioni giornaliere,98209.0,184940.0,38237.0,56182.0,371761.0,1126251.0
149,25-01-2021,Vaccinazioni giornaliere ogni cento abitanti,0.1172,2.1367,0.0632,0.1202,0.5476,0.3368
152,26-01-2021,Vaccinazioni giornaliere,95490.0,184146.0,44983.0,55766.0,366883.0,1119058.0
153,26-01-2021,Vaccinazioni giornaliere ogni cento abitanti,0.114,2.1275,0.0744,0.1193,0.5404,0.3346
156,27-01-2021,Vaccinazioni giornaliere,92507.0,181643.0,50714.0,52812.0,359424.0,1161050.0
157,27-01-2021,Vaccinazioni giornaliere ogni cento abitanti,0.1104,2.0986,0.0839,0.113,0.5295,0.3472
160,28-01-2021,Vaccinazioni giornaliere,90151.0,178239.0,59010.0,52984.0,359934.0,1235330.0
161,28-01-2021,Vaccinazioni giornaliere ogni cento abitanti,0.1076,2.0592,0.0976,0.1133,0.5302,0.3694
164,29-01-2021,Vaccinazioni giornaliere,90870.0,177166.0,69190.0,50484.0,361343.0,1253815.0
165,29-01-2021,Vaccinazioni giornaliere ogni cento abitanti,0.1085,2.0469,0.1144,0.108,0.5323,0.3749
168,30-01-2021,Vaccinazioni giornaliere,91370.0,174828.0,76546.0,51790.0,377914.0,1291416.0
169,30-01-2021,Vaccinazioni giornaliere ogni cento abitanti,0.1091,2.0198,0.1266,0.1108,0.5567,0.3861
172,31-01-2021,Vaccinazioni giornaliere,92411.0,163864.0,80221.0,53095.0,392361.0,1324949.0
173,31-01-2021,Vaccinazioni giornaliere ogni cento abitanti,0.1103,1.8932,0.1327,0.1136,0.578,0.3962
176,01-02-2021,Vaccinazioni giornaliere,96546.0,149233.0,82585.0,54548.0,402534.0,1355451.0
177,01-02-2021,Vaccinazioni giornaliere ogni cento abitanti,0.1152,1.7241,0.1366,0.1167,0.593,0.4053
180,02-02-2021,Vaccinazioni giornaliere,101273.0,134415.0,83684.0,58331.0,411699.0,1319981.0
181,02-02-2021,Vaccinazioni giornaliere ogni cento abitanti,0.1209,1.5529,0.1384,0.1248,0.6065,0.3947
184,03-02-2021,Vaccinazioni giornaliere,108201.0,121407.0,87799.0,67103.0,434171.0,1317946.0
185,03-02-2021,Vaccinazioni giornaliere ogni cento abitanti,0.1291,1.4027,0.1452,0.1435,0.6396,0.3941
188,04-02-2021,Vaccinazioni giornaliere,113992.0,110065.0,89782.0,73424.0,443943.0,1287147.0
189,04-02-2021,Vaccinazioni giornaliere ogni cento abitanti,0.1361,1.2716,0.1485,0.157,0.654,0.3849
192,05-02-2021,Vaccinazioni giornaliere,119090.0,104536.0,91095.0,72558.0,445128.0,1276364.0
193,05-02-2021,Vaccinazioni giornaliere ogni cento abitanti,0.1421,1.2077,0.1507,0.1552,0.6557,0.3816
196,06-02-2021,Vaccinazioni giornaliere,120753.0,99782.0,89293.0,71691.0,436908.0,1351437.0
197,06-02-2021,Vaccinazioni giornaliere ogni cento abitanti,0.1441,1.1528,0.1477,0.1533,0.6436,0.4041
200,07-02-2021,Vaccinazioni giornaliere,120430.0,98349.0,86759.0,70825.0,430859.0,1441091.0
201,07-02-2021,Vaccinazioni giornaliere ogni cento abitanti,0.1437,1.1363,0.1435,0.1515,0.6347,0.4309
204,08-02-2021,Vaccinazioni giornaliere,118901.0,99234.0,84074.0,70598.0,431338.0,1456459.0
205,08-02-2021,Vaccinazioni giornaliere ogni cento abitanti,0.1419,1.1465,0.1391,0.151,0.6354,0.4355
208,09-02-2021,Vaccinazioni giornaliere,119211.0,103888.0,81060.0,66924.0,436774.0,1489333.0
209,09-02-2021,Vaccinazioni giornaliere ogni cento abitanti,0.1423,1.2002,0.1341,0.1431,0.6434,0.4453
212,10-02-2021,Vaccinazioni giornaliere,118091.0,108307.0,77211.0,65024.0,434444.0,1555959.0
213,10-02-2021,Vaccinazioni giornaliere ogni cento abitanti,0.1409,1.2513,0.1277,0.1391,0.64,0.4652
216,11-02-2021,Vaccinazioni giornaliere,119431.0,111465.0,72509.0,62126.0,437897.0,1598080.0
217,11-02-2021,Vaccinazioni giornaliere ogni cento abitanti,0.1425,1.2878,0.1199,0.1329,0.645,0.4778
220,12-02-2021,Vaccinazioni giornaliere,121244.0,113453.0,67766.0,63159.0,445204.0,1655907.0
221,12-02-2021,Vaccinazioni giornaliere ogni cento abitanti,0.1447,1.3108,0.1121,0.1351,0.6558,0.4951
224,13-02-2021,Vaccinazioni giornaliere,122331.0,115462.0,64187.0,64192.0,439024.0,1657703.0
225,13-02-2021,Vaccinazioni giornaliere ogni cento abitanti,0.146,1.334,0.1062,0.1373,0.6467,0.4957
228,14-02-2021,Vaccinazioni giornaliere,123907.0,118477.0,62460.0,65225.0,433313.0,1667631.0
229,14-02-2021,Vaccinazioni giornaliere ogni cento abitanti,0.1479,1.3688,0.1033,0.1395,0.6383,0.4986
232,15-02-2021,Vaccinazioni giornaliere,126323.0,123209.0,61866.0,65324.0,422771.0,1662106.0
233,15-02-2021,Vaccinazioni giornaliere ogni cento abitanti,0.1508,1.4235,0.1023,0.1397,0.6228,0.497
236,16-02-2021,Vaccinazioni giornaliere,126710.0,127204.0,62469.0,65315.0,417385.0,1716311.0
237,16-02-2021,Vaccinazioni giornaliere ogni cento abitanti,0.1512,1.4696,0.1033,0.1397,0.6148,0.5132
240,17-02-2021,Vaccinazioni giornaliere,126345.0,126469.0,63531.0,66035.0,423322.0,1644551.0
241,17-02-2021,Vaccinazioni giornaliere ogni cento abitanti,0.1508,1.4611,0.1051,0.1412,0.6236,0.4917
244,18-02-2021,Vaccinazioni giornaliere,126567.0,125907.0,65694.0,73281.0,417544.0,1621071.0
245,18-02-2021,Vaccinazioni giornaliere ogni cento abitanti,0.1511,1.4546,0.1087,0.1567,0.6151,0.4847
248,19-02-2021,Vaccinazioni giornaliere,126163.0,126080.0,68429.0,74032.0,394376.0,1596355.0
249,19-02-2021,Vaccinazioni giornaliere ogni cento abitanti,0.1506,1.4566,0.1132,0.1583,0.5809,0.4773
252,20-02-2021,Vaccinazioni giornaliere,126971.0,126436.0,72089.0,74783.0,371052.0,1521088.0
253,20-02-2021,Vaccinazioni giornaliere ogni cento abitanti,0.1515,1.4608,0.1192,0.1599,0.5466,0.4548
256,21-02-2021,Vaccinazioni giornaliere,129952.0,128445.0,75123.0,75535.0,358341.0,1458040.0
257,21-02-2021,Vaccinazioni giornaliere ogni cento abitanti,0.1551,1.484,0.1242,0.1616,0.5279,0.436
260,22-02-2021,Vaccinazioni giornaliere,134737.0,129648.0,81240.0,77240.0,348100.0,1446445.0
261,22-02-2021,Vaccinazioni giornaliere ogni cento abitanti,0.1608,1.4979,0.1344,0.1652,0.5128,0.4325
264,23-02-2021,Vaccinazioni giornaliere,139099.0,127660.0,86306.0,84889.0,344633.0,1401674.0
265,23-02-2021,Vaccinazioni giornaliere ogni cento abitanti,0.166,1.4749,0.1427,0.1816,0.5077,0.4191
268,24-02-2021,Vaccinazioni giornaliere,142923.0,125747.0,92285.0,93344.0,342250.0,1454731.0
269,24-02-2021,Vaccinazioni giornaliere ogni cento abitanti,0.1706,1.4528,0.1526,0.1996,0.5042,0.435
272,25-02-2021,Vaccinazioni giornaliere,149593.0,121116.0,97771.0,95661.0,349781.0,1505193.0
273,25-02-2021,Vaccinazioni giornaliere ogni cento abitanti,0.1785,1.3993,0.1617,0.2046,0.5152,0.4501
276,26-02-2021,Vaccinazioni giornaliere,157478.0,118279.0,103976.0,98970.0,371219.0,1552717.0
277,26-02-2021,Vaccinazioni giornaliere ogni cento abitanti,0.188,1.3665,0.172,0.2117,0.5468,0.4643
280,27-02-2021,Vaccinazioni giornaliere,162506.0,115302.0,110864.0,102279.0,384059.0,1645240.0
281,27-02-2021,Vaccinazioni giornaliere ogni cento abitanti,0.194,1.3321,0.1834,0.2188,0.5657,0.4919
284,28-02-2021,Vaccinazioni giornaliere,165640.0,106501.0,114740.0,105588.0,391872.0,1735053.0
285,28-02-2021,Vaccinazioni giornaliere ogni cento abitanti,0.1977,1.2304,0.1898,0.2258,0.5773,0.5188
288,01-03-2021,Vaccinazioni giornaliere,170710.0,98157.0,119046.0,106220.0,394821.0,1817502.0
289,01-03-2021,Vaccinazioni giornaliere ogni cento abitanti,0.2038,1.134,0.1969,0.2272,0.5816,0.5434
292,02-03-2021,Vaccinazioni giornaliere,178270.0,92175.0,126771.0,110663.0,383864.0,1942788.0
293,02-03-2021,Vaccinazioni giornaliere ogni cento abitanti,0.2128,1.0649,0.2097,0.2367,0.5655,0.5809
296,03-03-2021,Vaccinazioni giornaliere,187959.0,90011.0,135896.0,113276.0,364840.0,2010790.0
297,03-03-2021,Vaccinazioni giornaliere ogni cento abitanti,0.2243,1.0399,0.2248,0.2423,0.5374,0.6012
300,04-03-2021,Vaccinazioni giornaliere,195642.0,90344.0,145610.0,123706.0,354184.0,2042676.0
301,04-03-2021,Vaccinazioni giornaliere ogni cento abitanti,0.2335,1.0438,0.2408,0.2646,0.5217,0.6108
304,05-03-2021,Vaccinazioni giornaliere,204116.0,90319.0,155168.0,124505.0,348037.0,2079147.0
305,05-03-2021,Vaccinazioni giornaliere ogni cento abitanti,0.2436,1.0435,0.2566,0.2663,0.5127,0.6217
308,06-03-2021,Vaccinazioni giornaliere,211812.0,89832.0,162310.0,125304.0,349976.0,2158020.0
309,06-03-2021,Vaccinazioni giornaliere ogni cento abitanti,0.2528,1.0379,0.2685,0.268,0.5155,0.6453
312,07-03-2021,Vaccinazioni giornaliere,217853.0,90922.0,165597.0,126104.0,346947.0,2159392.0
313,07-03-2021,Vaccinazioni giornaliere ogni cento abitanti,0.26,1.0504,0.2739,0.2697,0.5111,0.6457
316,08-03-2021,Vaccinazioni giornaliere,224051.0,89994.0,171707.0,134273.0,350177.0,2169981.0
317,08-03-2021,Vaccinazioni giornaliere ogni cento abitanti,0.2674,1.0397,0.284,0.2872,0.5158,0.6488
320,09-03-2021,Vaccinazioni giornaliere,228392.0,89642.0,176160.0,132884.0,352165.0,2151571.0
321,09-03-2021,Vaccinazioni giornaliere ogni cento abitanti,0.2726,1.0357,0.2914,0.2842,0.5188,0.6433
324,10-03-2021,Vaccinazioni giornaliere,234099.0,85790.0,179874.0,134716.0,351257.0,2168688.0
325,10-03-2021,Vaccinazioni giornaliere ogni cento abitanti,0.2794,0.9912,0.2975,0.2881,0.5174,0.6485
328,11-03-2021,Vaccinazioni giornaliere,239592.0,82020.0,183155.0,125884.0,338103.0,2233006.0
329,11-03-2021,Vaccinazioni giornaliere ogni cento abitanti,0.286,0.9476,0.3029,0.2692,0.498,0.6677
332,12-03-2021,Vaccinazioni giornaliere,247455.0,81289.0,184070.0,124860.0,332820.0,2302844.0
333,12-03-2021,Vaccinazioni giornaliere ogni cento abitanti,0.2953,0.9392,0.3044,0.2671,0.4903,0.6886
336,13-03-2021,Vaccinazioni giornaliere,253753.0,80878.0,183971.0,123835.0,349372.0,2541597.0
337,13-03-2021,Vaccinazioni giornaliere ogni cento abitanti,0.3029,0.9344,0.3043,0.2649,0.5146,0.76
340,14-03-2021,Vaccinazioni giornaliere,256731.0,79602.0,184572.0,122810.0,363372.0,2386932.0
341,14-03-2021,Vaccinazioni giornaliere ogni cento abitanti,0.3064,0.9197,0.3053,0.2627,0.5353,0.7137
344,15-03-2021,Vaccinazioni giornaliere,258024.0,79270.0,183549.0,113750.0,389942.0,2427430.0
345,15-03-2021,Vaccinazioni giornaliere ogni cento abitanti,0.308,0.9158,0.3036,0.2433,0.5744,0.7258
348,16-03-2021,Vaccinazioni giornaliere,247838.0,77392.0,176184.0,107530.0,424070.0,2435037.0
349,16-03-2021,Vaccinazioni giornaliere ogni cento abitanti,0.2958,0.8941,0.2914,0.23,0.6247,0.7281
352,17-03-2021,Vaccinazioni giornaliere,236618.0,76645.0,169516.0,97854.0,458471.0,2473762.0
353,17-03-2021,Vaccinazioni giornaliere ogni cento abitanti,0.2824,0.8855,0.2804,0.2093,0.6754,0.7397
356,18-03-2021,Vaccinazioni giornaliere,224201.0,74064.0,161514.0,91514.0,502171.0,2503731.0
357,18-03-2021,Vaccinazioni giornaliere ogni cento abitanti,0.2676,0.8557,0.2671,0.1957,0.7397,0.7486
360,19-03-2021,Vaccinazioni giornaliere,212738.0,71523.0,156564.0,92814.0,542657.0,2455116.0
361,19-03-2021,Vaccinazioni giornaliere ogni cento abitanti,0.2539,0.8263,0.2589,0.1985,0.7994,0.7341
364,20-03-2021,Vaccinazioni giornaliere,208977.0,69702.0,156317.0,94115.0,582660.0,2248285.0
365,20-03-2021,Vaccinazioni giornaliere ogni cento abitanti,0.2494,0.8053,0.2585,0.2013,0.8583,0.6723
368,21-03-2021,Vaccinazioni giornaliere,208246.0,63793.0,159778.0,95416.0,602266.0,2488734.0
369,21-03-2021,Vaccinazioni giornaliere ogni cento abitanti,0.2486,0.737,0.2643,0.2041,0.8872,0.7441
372,22-03-2021,Vaccinazioni giornaliere,210807.0,57456.0,162758.0,96716.0,598286.0,2489697.0
373,22-03-2021,Vaccinazioni giornaliere ogni cento abitanti,0.2516,0.6638,0.2692,0.2069,0.8813,0.7444
376,23-03-2021,Vaccinazioni giornaliere,227773.0,46000.0,174440.0,95283.0,593384.0,2497025.0
377,23-03-2021,Vaccinazioni giornaliere ogni cento abitanti,0.2719,0.5315,0.2885,0.2038,0.8741,0.7466
380,24-03-2021,Vaccinazioni giornaliere,246185.0,43240.0,186892.0,109001.0,593163.0,2490889.0
381,24-03-2021,Vaccinazioni giornaliere ogni cento abitanti,0.2938,0.4996,0.3091,0.2331,0.8738,0.7448
384,25-03-2021,Vaccinazioni giornaliere,266598.0,39143.0,201412.0,120910.0,578742.0,2510755.0
385,25-03-2021,Vaccinazioni giornaliere ogni cento abitanti,0.3182,0.4522,0.3331,0.2586,0.8525,0.7507
388,26-03-2021,Vaccinazioni giornaliere,285290.0,36656.0,214455.0,141696.0,572214.0,2624410.0
389,26-03-2021,Vaccinazioni giornaliere ogni cento abitanti,0.3405,0.4235,0.3547,0.3031,0.8429,0.7847
392,27-03-2021,Vaccinazioni giornaliere,294804.0,34594.0,223722.0,153965.0,546339.0,2677034.0
393,27-03-2021,Vaccinazioni giornaliere ogni cento abitanti,0.3519,0.3997,0.37,0.3293,0.8048,0.8004
396,28-03-2021,Vaccinazioni giornaliere,299208.0,27910.0,228366.0,166235.0,549414.0,2711611.0
397,28-03-2021,Vaccinazioni giornaliere ogni cento abitanti,0.3571,0.3225,0.3777,0.3555,0.8093,0.8108
400,29-03-2021,Vaccinazioni giornaliere,305306.0,25474.0,235090.0,178504.0,548391.0,2757586.0
401,29-03-2021,Vaccinazioni giornaliere ogni cento abitanti,0.3644,0.2943,0.3888,0.3818,0.8078,0.8245
404,30-03-2021,Vaccinazioni giornaliere,309694.0,28346.0,241244.0,189631.0,549647.0,2769331.0
405,30-03-2021,Vaccinazioni giornaliere ogni cento abitanti,0.3696,0.3275,0.399,0.4056,0.8097,0.828
408,31-03-2021,Vaccinazioni giornaliere,310770.0,24078.0,248285.0,202152.0,556319.0,2828491.0
409,31-03-2021,Vaccinazioni giornaliere ogni cento abitanti,0.3709,0.2782,0.4106,0.4324,0.8195,0.8457
412,01-04-2021,Vaccinazioni giornaliere,308843.0,21390.0,251019.0,214631.0,564449.0,2903730.0
413,01-04-2021,Vaccinazioni giornaliere ogni cento abitanti,0.3686,0.2471,0.4152,0.4591,0.8315,0.8682
416,02-04-2021,Vaccinazioni giornaliere,288161.0,20465.0,252927.0,196858.0,515748.0,2988825.0
417,02-04-2021,Vaccinazioni giornaliere ogni cento abitanti,0.3439,0.2364,0.4183,0.421,0.7597,0.8937
420,03-04-2021,Vaccinazioni giornaliere,280329.0,20223.0,251540.0,187601.0,461982.0,3072527.0
421,03-04-2021,Vaccinazioni giornaliere ogni cento abitanti,0.3346,0.2336,0.416,0.4012,0.6805,0.9187
424,04-04-2021,Vaccinazioni giornaliere,280216.0,23887.0,242112.0,177533.0,412642.0,3084436.0
425,04-04-2021,Vaccinazioni giornaliere ogni cento abitanti,0.3345,0.276,0.4004,0.3797,0.6078,0.9223
428,05-04-2021,Vaccinazioni giornaliere,271757.0,23119.0,232305.0,167465.0,369827.0,3053566.0
429,05-04-2021,Vaccinazioni giornaliere ogni cento abitanti,0.3244,0.2671,0.3842,0.3582,0.5448,0.913
432,06-04-2021,Vaccinazioni giornaliere,278904.0,22466.0,234806.0,183484.0,336744.0,2998533.0
433,06-04-2021,Vaccinazioni giornaliere ogni cento abitanti,0.3329,0.2596,0.3884,0.3924,0.496,0.8966
436,07-04-2021,Vaccinazioni giornaliere,326994.0,21974.0,237643.0,188955.0,319732.0,3029052.0
437,07-04-2021,Vaccinazioni giornaliere ogni cento abitanti,0.3903,0.2539,0.393,0.4041,0.471,0.9057
440,08-04-2021,Vaccinazioni giornaliere,385437.0,21901.0,244590.0,209911.0,309629.0,3035473.0
441,08-04-2021,Vaccinazioni giornaliere ogni cento abitanti,0.46,0.253,0.4045,0.449,0.4561,0.9076
444,09-04-2021,Vaccinazioni giornaliere,441604.0,21712.0,252221.0,255207.0,338624.0,3033045.0
445,09-04-2021,Vaccinazioni giornaliere ogni cento abitanti,0.5271,0.2508,0.4172,0.5458,0.4988,0.9069
448,10-04-2021,Vaccinazioni giornaliere,461107.0,21813.0,265173.0,266803.0,381415.0,3111327.0
449,10-04-2021,Vaccinazioni giornaliere ogni cento abitanti,0.5504,0.252,0.4386,0.5706,0.5618,0.9303
452,11-04-2021,Vaccinazioni giornaliere,470333.0,20490.0,280239.0,279209.0,404719.0,3141912.0
453,11-04-2021,Vaccinazioni giornaliere ogni cento abitanti,0.5614,0.2367,0.4635,0.5972,0.5962,0.9394
456,12-04-2021,Vaccinazioni giornaliere,494120.0,19128.0,293910.0,291615.0,426971.0,3214893.0
457,12-04-2021,Vaccinazioni giornaliere ogni cento abitanti,0.5898,0.221,0.4861,0.6237,0.629,0.9613
460,13-04-2021,Vaccinazioni giornaliere,521670.0,16994.0,294585.0,293237.0,443655.0,3384387.0
461,13-04-2021,Vaccinazioni giornaliere ogni cento abitanti,0.6226,0.1963,0.4872,0.6272,0.6535,1.012
464,14-04-2021,Vaccinazioni giornaliere,535402.0,14817.0,294287.0,296889.0,437039.0,3330740.0
465,14-04-2021,Vaccinazioni giornaliere ogni cento abitanti,0.639,0.1712,0.4867,0.635,0.6438,0.9959
468,15-04-2021,Vaccinazioni giornaliere,527821.0,11239.0,296758.0,296222.0,437318.0,3348189.0
469,15-04-2021,Vaccinazioni giornaliere ogni cento abitanti,0.63,0.1298,0.4908,0.6336,0.6442,1.0011
472,16-04-2021,Vaccinazioni giornaliere,523633.0,11271.0,303227.0,299847.0,448491.0,3349306.0
473,16-04-2021,Vaccinazioni giornaliere ogni cento abitanti,0.625,0.1302,0.5015,0.6413,0.6607,1.0015
476,17-04-2021,Vaccinazioni giornaliere,522783.0,10947.0,308577.0,298403.0,456025.0,3200601.0
477,17-04-2021,Vaccinazioni giornaliere ogni cento abitanti,0.624,0.1265,0.5104,0.6382,0.6718,0.957
480,18-04-2021,Vaccinazioni giornaliere,523580.0,9709.0,314263.0,296959.0,462529.0,3194240.0
481,18-04-2021,Vaccinazioni giornaliere ogni cento abitanti,0.6249,0.1122,0.5198,0.6351,0.6813,0.9551
484,19-04-2021,Vaccinazioni giornaliere,521173.0,8493.0,320548.0,295515.0,478576.0,3127038.0
485,19-04-2021,Vaccinazioni giornaliere ogni cento abitanti,0.622,0.0981,0.5302,0.6321,0.705,0.935
488,20-04-2021,Vaccinazioni giornaliere,518886.0,8832.0,326963.0,281054.0,488411.0,3015065.0
489,20-04-2021,Vaccinazioni giornaliere ogni cento abitanti,0.6193,0.102,0.5408,0.6011,0.7195,0.9015
492,21-04-2021,Vaccinazioni giornaliere,510220.0,9479.0,334531.0,294534.0,498850.0,3022868.0
493,21-04-2021,Vaccinazioni giornaliere ogni cento abitanti,0.609,0.1095,0.5533,0.63,0.7348,0.9039
496,22-04-2021,Vaccinazioni giornaliere,503648.0,11244.0,341337.0,289268.0,500934.0,2947229.0
497,22-04-2021,Vaccinazioni giornaliere ogni cento abitanti,0.6011,0.1299,0.5645,0.6187,0.7379,0.8812
500,23-04-2021,Vaccinazioni giornaliere,497535.0,10695.0,344886.0,276499.0,496017.0,2862758.0
501,23-04-2021,Vaccinazioni giornaliere ogni cento abitanti,0.5938,0.1236,0.5704,0.5914,0.7307,0.856
504,24-04-2021,Vaccinazioni giornaliere,498482.0,10586.0,348874.0,283722.0,504206.0,2824078.0
505,24-04-2021,Vaccinazioni giornaliere ogni cento abitanti,0.595,0.1223,0.577,0.6068,0.7427,0.8444
508,25-04-2021,Vaccinazioni giornaliere,500905.0,10189.0,352570.0,290945.0,509360.0,2750656.0
509,25-04-2021,Vaccinazioni giornaliere ogni cento abitanti,0.5979,0.1177,0.5831,0.6223,0.7503,0.8225
512,26-04-2021,Vaccinazioni giornaliere,504999.0,10161.0,357360.0,305867.0,512497.0,2741021.0
513,26-04-2021,Vaccinazioni giornaliere ogni cento abitanti,0.6027,0.1174,0.5911,0.6542,0.7549,0.8196
516,27-04-2021,Vaccinazioni giornaliere,537644.0,9878.0,362759.0,333833.0,517918.0,2717062.0
517,27-04-2021,Vaccinazioni giornaliere ogni cento abitanti,0.6417,0.1141,0.6,0.714,0.7629,0.8124
520,28-04-2021,Vaccinazioni giornaliere,595775.0,9642.0,367666.0,337423.0,526822.0,2669644.0
521,28-04-2021,Vaccinazioni giornaliere ogni cento abitanti,0.7111,0.1114,0.6081,0.7217,0.776,0.7982
524,29-04-2021,Vaccinazioni giornaliere,639635.0,9364.0,386071.0,350662.0,534262.0,2630407.0
525,29-04-2021,Vaccinazioni giornaliere ogni cento abitanti,0.7634,0.1082,0.6385,0.75,0.787,0.7865
528,30-04-2021,Vaccinazioni giornaliere,675182.0,9211.0,403449.0,338524.0,529487.0,2548207.0
529,30-04-2021,Vaccinazioni giornaliere ogni cento abitanti,0.8059,0.1064,0.6673,0.724,0.78,0.7619
532,01-05-2021,Vaccinazioni giornaliere,670352.0,9111.0,410137.0,345164.0,503641.0,2546144.0
533,01-05-2021,Vaccinazioni giornaliere ogni cento abitanti,0.8001,0.1053,0.6783,0.7382,0.7419,0.7613
536,02-05-2021,Vaccinazioni giornaliere,667493.0,8763.0,424691.0,351805.0,492543.0,2418580.0
537,02-05-2021,Vaccinazioni giornaliere ogni cento abitanti,0.7967,0.1012,0.7024,0.7524,0.7255,0.7232
540,03-05-2021,Vaccinazioni giornaliere,670573.0,8199.0,434219.0,348020.0,464646.0,2287393.0
541,03-05-2021,Vaccinazioni giornaliere ogni cento abitanti,0.8004,0.0947,0.7182,0.7444,0.6845,0.6839
544,04-05-2021,Vaccinazioni giornaliere,678546.0,7792.0,445073.0,362672.0,448798.0,2194483.0
545,04-05-2021,Vaccinazioni giornaliere ogni cento abitanti,0.8099,0.09,0.7361,0.7757,0.6611,0.6562
548,05-05-2021,Vaccinazioni giornaliere,680538.0,7157.0,455487.0,375687.0,441126.0,2132487.0
549,05-05-2021,Vaccinazioni giornaliere ogni cento abitanti,0.8123,0.0827,0.7533,0.8035,0.6498,0.6376
552,06-05-2021,Vaccinazioni giornaliere,685854.0,6458.0,454017.0,383362.0,440317.0,2087608.0
553,06-05-2021,Vaccinazioni giornaliere ogni cento abitanti,0.8186,0.0746,0.7509,0.8199,0.6486,0.6242
556,07-05-2021,Vaccinazioni giornaliere,696707.0,6345.0,456120.0,381863.0,444809.0,2088522.0
557,07-05-2021,Vaccinazioni giornaliere ogni cento abitanti,0.8316,0.0733,0.7544,0.8167,0.6552,0.6245
560,08-05-2021,Vaccinazioni giornaliere,709061.0,6260.0,467098.0,380364.0,458007.0,1983391.0
561,08-05-2021,Vaccinazioni giornaliere ogni cento abitanti,0.8463,0.0723,0.7726,0.8135,0.6747,0.593
564,09-05-2021,Vaccinazioni giornaliere,711914.0,6014.0,468764.0,378865.0,461576.0,2017931.0
565,09-05-2021,Vaccinazioni giornaliere ogni cento abitanti,0.8497,0.0695,0.7753,0.8103,0.6799,0.6034
568,10-05-2021,Vaccinazioni giornaliere,730799.0,5764.0,472674.0,390264.0,482546.0,2117025.0
569,10-05-2021,Vaccinazioni giornaliere ogni cento abitanti,0.8722,0.0666,0.7818,0.8347,0.7108,0.633
572,11-05-2021,Vaccinazioni giornaliere,764499.0,5497.0,473717.0,386750.0,496918.0,2194787.0
573,11-05-2021,Vaccinazioni giornaliere ogni cento abitanti,0.9125,0.0635,0.7835,0.8272,0.732,0.6563
576,12-05-2021,Vaccinazioni giornaliere,802482.0,5204.0,473582.0,368909.0,510250.0,2159146.0
577,12-05-2021,Vaccinazioni giornaliere ogni cento abitanti,0.9578,0.0601,0.7833,0.789,0.7516,0.6456
580,13-05-2021,Vaccinazioni giornaliere,722878.0,5050.0,474511.0,376511.0,514372.0,2088962.0
581,13-05-2021,Vaccinazioni giornaliere ogni cento abitanti,0.8628,0.0583,0.7848,0.8053,0.7577,0.6246
584,14-05-2021,Vaccinazioni giornaliere,703923.0,4786.0,475624.0,369220.0,516464.0,1951333.0
585,14-05-2021,Vaccinazioni giornaliere ogni cento abitanti,0.8402,0.0553,0.7867,0.7897,0.7608,0.5835
588,15-05-2021,Vaccinazioni giornaliere,699459.0,4744.0,480082.0,361929.0,519423.0,1926448.0
589,15-05-2021,Vaccinazioni giornaliere ogni cento abitanti,0.8348,0.0548,0.794,0.7741,0.7651,0.576
592,16-05-2021,Vaccinazioni giornaliere,698455.0,3913.0,483914.0,354638.0,523319.0,1886917.0
593,16-05-2021,Vaccinazioni giornaliere ogni cento abitanti,0.8336,0.0452,0.8004,0.7585,0.7709,0.5642
596,17-05-2021,Vaccinazioni giornaliere,693008.0,3004.0,487159.0,346383.0,526018.0,1830360.0
597,17-05-2021,Vaccinazioni giornaliere ogni cento abitanti,0.8271,0.0347,0.8057,0.7409,0.7749,0.5473
600,18-05-2021,Vaccinazioni giornaliere,663055.0,3081.0,488370.0,335734.0,527852.0,1771807.0
601,18-05-2021,Vaccinazioni giornaliere ogni cento abitanti,0.7914,0.0356,0.8077,0.7181,0.7776,0.5298
604,19-05-2021,Vaccinazioni giornaliere,617782.0,3362.0,488183.0,347306.0,527456.0,1801333.0
605,19-05-2021,Vaccinazioni giornaliere ogni cento abitanti,0.7374,0.0388,0.8074,0.7428,0.777,0.5386
608,20-05-2021,Vaccinazioni giornaliere,689544.0,3425.0,490468.0,325523.0,534776.0,1828681.0
609,20-05-2021,Vaccinazioni giornaliere ogni cento abitanti,0.823,0.0396,0.8112,0.6962,0.7878,0.5468
612,21-05-2021,Vaccinazioni giornaliere,699097.0,3445.0,490551.0,322775.0,539472.0,1879526.0
613,21-05-2021,Vaccinazioni giornaliere ogni cento abitanti,0.8344,0.0398,0.8113,0.6904,0.7947,0.562
616,22-05-2021,Vaccinazioni giornaliere,707826.0,3467.0,486251.0,320028.0,558584.0,1872697.0
617,22-05-2021,Vaccinazioni giornaliere ogni cento abitanti,0.8448,0.0401,0.8042,0.6845,0.8228,0.5599
620,23-05-2021,Vaccinazioni giornaliere,705222.0,4003.0,485353.0,317281.0,567646.0,1827882.0
621,23-05-2021,Vaccinazioni giornaliere ogni cento abitanti,0.8417,0.0462,0.8027,0.6786,0.8362,0.5465
624,24-05-2021,Vaccinazioni giornaliere,668641.0,4625.0,482456.0,,,1782714.0
625,24-05-2021,Vaccinazioni giornaliere ogni cento abitanti,0.7981,0.0534,0.798,,,0.533
