,Data,Positivi,Positivi (previsione scenario 1),Positivi (previsione scenario 2),Ospedalizzati,Ospedalizzati (previsione scenario 1),Ospedalizzati (previsione scenario 2),Terapia Intensiva,Terapia Intensiva (previsione scenario 1),Terapia Intensiva (previsione scenario 2),Decessi giornalieri,Decessi giornalieri (previsione scenario 1),Decessi giornalieri (previsione scenario 2)
0,2020-10-06,56190.0,56190.0,56190.0,3944.0,3944.0,3944.0,319.0,319.0,319.0,31.0,37.0,37.0
1,2020-10-07,58457.0,63704.20336661587,63704.20336661587,4119.0,3898.7754946506093,3898.7754946506093,337.0,338.19100561225935,338.19100561225935,29.714285714285715,60.162132152305276,60.162132152305276
2,2020-10-08,61669.0,71974.05927078382,71974.05927078382,4283.0,3924.32272963576,3924.32272963576,358.0,352.25292010140925,352.25292010140925,29.285714285714285,63.145582118559105,63.145582118559105
3,2020-10-09,65637.0,81038.547146952,81038.547146952,4473.0,4017.372199868701,4017.372199868701,387.0,364.2848370425108,364.2848370425108,29.0,65.4902801400458,65.4902801400458
4,2020-10-10,70103.0,90933.40079774488,90933.40079774488,4726.0,4175.404669168417,4175.404669168417,390.0,376.5160404011247,376.5160404011247,28.285714285714285,67.67888609352667,67.67888609352667
5,2020-10-11,74136.0,101690.23945144605,101690.23945144605,4939.0,4396.519031277839,4396.519031277839,420.0,390.54692739992555,390.54692739992555,29.428571428571427,70.05825160403765,70.05825160403765
6,2020-10-12,77491.0,113335.6647631785,113335.6647631785,5273.0,4679.31086931022,4679.31086931022,452.0,407.5248211300344,407.5248211300344,30.857142857142858,72.877189669176,72.877189669176
7,2020-10-13,81603.0,125890.33808578501,125890.33808578501,5590.0,5022.760039303303,5022.760039303303,514.0,428.2715903118532,428.2715903118532,32.57142857142857,76.31400560656766,76.31400560656766
8,2020-10-14,86436.0,139368.0547956121,139368.0547956121,6009.0,5426.1259561674615,5426.1259561674615,539.0,453.3757096290953,453.3757096290953,41.285714285714285,80.4964017297898,80.4964017297898
9,2020-10-15,92884.0,153774.8346920683,153774.8346920683,6382.0,5888.849588187726,5888.849588187726,586.0,483.2580782127315,483.2580782127315,45.142857142857146,85.51577608447406,85.51577608447406
10,2020-10-16,100496.0,169108.04935018753,169108.04935018753,6816.0,6410.4614688533675,6410.4614688533675,638.0,518.2184794452799,518.2184794452799,47.714285714285715,91.43739846026438,91.43739846026438
11,2020-10-17,109613.0,185355.60891564272,185355.60891564272,7322.0,6990.495302922946,6990.495302922946,705.0,558.4678085023545,558.4678085023545,53.857142857142854,98.30753576567076,98.30753576567076
12,2020-10-18,118356.0,202495.23204949126,202495.23204949126,7881.0,7628.40699024115,7628.40699024115,750.0,604.1498816882207,604.1498816882207,58.714285714285715,106.15832986779424,106.15832986779424
13,2020-10-19,125530.0,220493.82305150363,220493.82305150363,8473.0,8323.49911539948,8323.49911539948,797.0,655.3556045525246,655.3556045525246,65.57142857142857,115.01106424404134,115.01106424404134
14,2020-10-20,133415.0,239306.98023559005,239306.98023559005,9324.0,9074.851134843391,9074.851134843391,870.0,712.1316445094346,712.1316445094346,77.57142857142857,124.8782121323602,124.8782121323602
15,2020-10-21,145459.0,258878.65873159014,258878.65873159014,9983.0,9881.255661427836,9881.255661427836,926.0,774.485149186658,774.485149186658,85.14285714285714,135.76464366258733,135.76464366258733
16,2020-10-22,158616.0,279141.0090192677,279141.0090192677,10686.0,10741.161371674792,10741.161371674792,992.0,842.3856982442517,842.3856982442517,90.28571428571429,147.66821819148026,147.66821819148026
17,2020-10-23,174404.0,300014.4100357859,300014.4100357859,11598.0,11652.623154573968,11652.623154573968,1049.0,915.7653738819515,915.7653738819515,105.14285714285714,160.57995884223783,160.57995884223783
18,2020-10-24,190767.0,321407.71202180855,321407.71202180855,12415.0,12613.260174018948,12613.260174018948,1128.0,994.5176292673348,994.5176292673348,113.57142857142857,174.48394745299447,174.48394745299447
19,2020-10-25,209027.0,343218.7002821224,343218.7002821224,13214.0,13620.222542118296,13620.222542118296,1208.0,1078.4954853073816,1078.4954853073816,123.28571428571429,189.35704641462507,189.35704641462507
20,2020-10-26,222403.0,365334.78555190767,365334.78555190767,14281.0,14670.167260590399,14670.167260590399,1284.0,1167.509449456787,1167.509449456787,142.14285714285714,205.16854045262153,205.16854045262153
21,2020-10-27,239724.0,387633.9211526601,387633.9211526601,15366.0,15759.244034652032,15759.244034652032,1411.0,1261.325481321912,1261.325481321912,153.28571428571428,221.87975586122775,221.87975586122775
22,2020-10-28,259940.0,409985.74086446385,409985.74086446385,16517.0,16883.091449814754,16883.091449814754,1536.0,1359.6632533971065,1359.6632533971065,164.85714285714286,239.44371215334832,239.44371215334832
23,2020-10-29,281576.0,432252.9049254125,432252.9049254125,17615.0,18036.84386455714,18036.84386455714,1651.0,1462.1949055260882,1462.1949055260882,180.28571428571428,257.8048464338135,257.8048464338135
24,2020-10-30,307046.0,454292.63514427113,454292.63514427113,18740.0,19215.14918490027,19215.14918490027,1746.0,1568.5444428355277,1568.5444428355277,201.14285714285714,276.89884293408977,276.89884293408977
25,2020-10-31,331577.0,475958.4136801612,475958.4136801612,19809.0,20412.19749227205,20412.19749227205,1843.0,1678.2878963143637,1678.2878963143637,212.57142857142858,296.65259093961504,296.65259093961504
26,2020-11-01,357288.0,497101.8144001154,497101.8144001154,20841.0,21621.760257784772,21621.760257784772,1939.0,1790.9543251438683,1790.9543251438683,225.71428571428572,316.9842905357218,316.9842905357218
27,2020-11-02,374650.0,517574.43094275857,517574.43094275857,21862.0,22837.239645999587,22837.239645999587,2022.0,1906.0277127012007,1906.0277127012007,244.57142857142858,337.8037159207088,337.8037159207088
28,2020-11-03,394803.0,537229.8611779193,537229.8611779193,23339.0,24051.727160941777,24051.727160941777,2225.0,2022.9497779428857,2022.9497779428857,263.14285714285717,359.0126458710729,359.0126458710729
29,2020-11-04,418827.0,555925.7051181416,555925.7051181416,24408.0,25258.070642296727,25258.070642296727,2292.0,2141.1236952094537,2141.1236952094537,295.7142857142857,380.50546154633776,380.50546154633776
30,2020-11-05,446701.0,573525.5323264559,573525.5323264559,25647.0,26448.94840763428,26448.94840763428,2391.0,2259.91868888435,2259.91868888435,331.0,402.1699066711735,402.1699066711735
31,2020-11-06,472598.0,589900.7747391968,589900.7747391968,26520.0,27616.949138827913,27616.949138827913,2515.0,2378.675444531831,2378.675444531831,349.2857142857143,423.88800229809567,423.88800229809567
32,2020-11-07,504793.0,604932.5016941711,604932.5016941711,27743.0,28754.655914072646,28754.655914072646,2634.0,2496.7122527401893,2496.7122527401893,366.85714285714283,445.5371061219994,445.5371061219994
33,2020-11-08,529447.0,618513.0392573124,618513.0392573124,29189.0,29854.73276198207,29854.73276198207,2749.0,2613.3317859145923,2613.3317859145923,384.42857142857144,466.99109102072543,466.99109102072543
34,2020-11-09,542849.0,630547.3973022613,630547.3973022613,30485.0,30910.01191224848,30910.01191224848,2849.0,2727.8283841877214,2727.8283841877214,416.85714285714283,488.12163347647584,488.12163347647584
35,2020-11-10,558506.0,640954.4730240852,640954.4730240852,31604.0,31913.579879689143,31913.579879689143,2971.0,2839.4957088039346,2839.4957088039346,458.0,508.7995855728004,508.7995855728004
36,2020-11-11,580833.0,649668.0113756349,649668.0113756349,32525.0,32858.860763137425,32858.860763137425,3081.0,2947.6346224321724,2947.6346224321724,485.2857142857143,528.8963904741104,528.8963904741104
37,2020-11-12,602011.0,656637.3031867032,656637.3031867032,33043.0,33739.69496789944,33739.69496789944,3170.0,3051.5611377599225,3051.5611377599225,500.14285714285717,548.2855372905251,548.2855372905251
38,2020-11-13,629782.0,661827.6128642687,661827.6128642687,34144.0,34550.411804612806,34550.411804612806,3230.0,3150.61427951099,3150.61427951099,517.1428571428571,566.8440018301626,566.8440018301626
39,2020-11-14,653731.0,665220.3343086117,665220.3343086117,34704.0,35285.89459251682,35285.89459251682,3306.0,3244.163703085751,3244.163703085751,547.8571428571429,584.4536681387908,584.4536681387908
40,2020-11-15,677021.0,666812.8801151327,666812.8801151327,35469.0,35941.63707352474,35941.63707352474,3422.0,3331.616924471882,3331.616924471882,569.0,601.0026855764081,601.0026855764081
41,2020-11-16,681756.0,666618.3163384392,666618.3163384392,36028.0,36513.79016932336,36513.79016932336,3492.0,3412.4260204619623,3412.4260204619623,590.5714285714286,616.3867439113965,616.3867439113965
42,2020-11-17,697124.0,664664.7600589042,664664.7600589042,36686.0,36999.19844618318,36999.19844618318,3612.0,3486.0936881188727,3486.0936881188727,609.1428571428571,630.5102471313148,630.5102471313148
43,2020-11-18,705994.0,660994.5658954685,660994.5658954685,37174.0,37395.4254560255,37395.4254560255,3670.0,3552.178502393642,3552.178502393642,611.5714285714286,643.2873317613703,643.2873317613703
44,2020-11-19,724349.0,655663.3236781033,655663.3236781033,37322.0,37700.76880659018,37700.76880659018,3712.0,3610.299395695961,3610.299395695961,632.8571428571429,654.6427772919924,654.6427772919924
45,2020-11-20,739471.0,648738.819815573,648738.819815573,37705.0,37914.26381946848,37914.26381946848,3748.0,3660.1391760614433,3660.1391760614433,654.0,664.5127299694941,664.5127299694941
46,2020-11-21,753925.0,640926.321330757,640926.321330757,37821.0,38037.45897118392,38037.45897118392,3758.0,3701.4597932509528,3701.4597932509528,656.2857142857143,672.8457340935202,672.8457340935202
47,2020-11-22,767867.0,632891.0972115368,632891.0972115368,38080.0,38079.040510137704,38079.040510137704,3801.0,3734.224493355808,3734.224493355808,674.2857142857143,679.6141640012574,679.6141640012574
48,2020-11-23,758342.0,624648.6346951396,624648.6346951396,38507.0,38048.34235602942,38048.34235602942,3810.0,3758.6513233195874,3758.6513233195874,691.7142857142857,684.8355805182946,684.8355805182946
49,2020-11-24,759993.0,616214.4071085588,616214.4071085588,38393.0,37953.55659983119,37953.55659983119,3816.0,3775.1276395312134,3775.1276395312134,687.2857142857143,688.5665640615334,688.5665640615334
50,2020-11-25,753536.0,607603.829719487,607603.829719487,38161.0,37801.88840758859,37801.88840758859,3848.0,3784.139228909712,3784.139228909712,711.4285714285714,690.8878121206217,690.8878121206217
51,2020-11-26,757961.0,598832.211826786,598832.211826786,37884.0,37599.68948423631,37599.68948423631,3846.0,3786.2214332029066,3786.2214332029066,729.7142857142857,691.893232829847,691.893232829847
52,2020-11-27,750427.0,589914.7115046098,589914.7115046098,37466.0,37352.572940163016,37352.572940163016,3782.0,3781.9259787482274,3781.9259787482274,728.8571428571429,691.6825618069124,691.6825618069124
53,2020-11-28,752247.0,580866.2930840906,580866.2930840906,37061.0,37065.512352127065,37065.512352127065,3762.0,3771.798987175622,3771.798987175622,725.8571428571429,690.3564177556618,690.3564177556618
54,2020-11-29,759139.0,571701.6875238761,571701.6875238761,36632.0,36742.92685647116,36742.92685647116,3753.0,3756.3671543169107,3756.3671543169107,731.8571428571429,688.012984229521,688.012984229521
55,2020-11-30,751540.0,562435.3557133599,562435.3557133599,36931.0,36388.75445097489,36388.75445097489,3744.0,3736.129407742885,3736.129407742885,722.1428571428571,684.7460777249871,684.7460777249871
56,2020-12-01,743471.0,553081.4547707516,553081.4547707516,36474.0,36006.5150236209,36006.5150236209,3663.0,3711.5524824164777,3711.5524824164777,716.7142857142857,680.6439887082015,680.6439887082015
57,2020-12-02,725160.0,543653.8073555472,543653.8073555472,36070.0,35599.36455715842,35599.36455715842,3616.0,3683.0691448322336,3683.0691448322336,741.1428571428571,675.788925574474,675.788925574474
58,2020-12-03,724613.0,534165.8739851272,534165.8739851272,35369.0,35170.14173697371,35170.14173697371,3597.0,3651.078160238934,3651.078160238934,739.2857142857143,670.256865066629,670.256865066629
59,2020-12-04,722935.0,524630.7283414674,524630.7283414674,34767.0,34721.408033968975,34721.408033968975,3567.0,3615.945373913972,3615.945373913972,735.8571428571429,664.1176585321882,664.1176585321882
60,2020-12-05,720494.0,515061.0355607427,515061.0355607427,33675.0,34255.48205483812,34255.48205483812,3517.0,3578.0055032084424,3578.0055032084424,739.1428571428571,657.4352896289856,657.4352896289856
61,2020-12-06,721461.0,505469.0333654723,505469.0333654723,33845.0,33774.46916912377,33774.46916912377,3454.0,3537.5642506031977,3537.5642506031977,718.5714285714286,650.2682491162122,650.2682491162122
62,2020-12-07,714913.0,495866.51603122207,495866.51603122207,33906.0,33280.28691272567,33280.28691272567,3382.0,3494.9006056449725,3494.9006056449725,697.0,642.6699305778311,642.6699305778311
63,2020-12-08,704099.0,486264.82108259073,486264.82108259073,33426.0,32774.68681434003,32774.68681434003,3345.0,3450.2691536779207,3450.2691536779207,670.5714285714286,634.6890601846462,634.6890601846462
64,2020-12-09,677542.0,476674.81858459016,476674.81858459016,32973.0,32259.273184647278,32259.273184647278,3320.0,3403.90231538888,3403.90231538888,655.4285714285714,626.3701084257555,626.3701084257555
65,2020-12-10,664148.0,467106.90292240155,467106.90292240155,32379.0,31735.519281770095,31735.519281770095,3291.0,3356.012461723151,3356.012461723151,,617.7536866370574,617.7536866370574
66,2020-12-11,,457570.9870175,457570.9870175,,31204.781168071364,31204.781168071364,,3306.7938685389136,3306.7938685389136,,608.8769282826397,608.8769282826397
67,2020-12-12,,445567.27035105764,450585.72713699075,,30496.56716741228,30840.052236071795,,3238.188523977933,3274.6604783912007,,596.4150901047802,603.1325569281647
68,2020-12-13,,433719.69683256187,443545.06213297596,,29789.83552880127,30464.686171848552,,3169.170872263223,3240.9643871688627,,583.8622058532097,597.088857765742
69,2020-12-14,,422035.73375334416,436458.43580187176,,29085.715091904614,30079.693964044556,,3099.90499226152,3205.8415339010508,,571.2496995136431,590.771658325338
70,2020-12-15,,410522.18591801974,429334.98658202065,,28385.2344433494,29686.030784452152,,3030.5399360933193,3169.41901663442,,558.606043241942,584.2050108536839
71,2020-12-16,,399185.2136724985,422183.5387400498,,27689.330219525782,29284.60027332562,,2961.2111292495965,3131.815885667269,,545.9571760918418,577.4114989942525
72,2020-12-17,,388030.35149503883,415012.59447979316,,26998.854935208907,28876.25875520688,,2892.0416724544475,3093.143907956247,,533.3266364759764,570.4122635156966
73,2020-12-18,,377062.52802450466,407830.32797987637,,26314.58371106781,28461.81868499341,,2823.14346960594,3053.508215668706,,520.7358211045115,563.2271703703251
74,2020-12-19,,366286.08707556117,400644.581005597,,25637.220230004525,28042.051608363407,,2754.6182244431657,3013.0078736371643,,508.2041788345261,555.8749225777982
75,2020-12-20,,355704.8095465819,393462.8600965981,,24967.401969321894,27617.69063666356,,2686.558322879494,2971.7363756872583,,495.7493911134443,548.3731680976853
76,2020-12-21,,345321.93578939146,386292.3349508447,,24305.70500124844,27189.43271326097,,2619.0476208156115,2929.78208430221,,483.3875028210466,540.738562477781
77,2020-12-22,,335140.1885513348,379139.8381991656,,23652.64825459859,26757.94052331827,,2552.1621378964383,2887.2286078333964,,471.13306889524074,532.9868562864318
78,2020-12-23,,325161.7961634218,372011.86627959233,,23008.697407757754,26323.844204072764,,2485.9706817484853,2844.1551367516977,,458.99926281321893,525.1329473351922
79,2020-12-24,,315388.5162331108,364914.58176755963,,22374.26829110035,25887.742690565632,,2420.5353841861765,2800.636712850442,,446.99802130180666,517.190980643419
80,2020-12-25,,305821.6592601233,357853.81656479713,,21749.730086460113,25450.204997003675,,2355.9121919134122,2756.7444745653474,,435.14011544508486,509.17437119789446
81,2020-12-26,,296462.1117044462,350835.07542316563,,21135.40852902538,25011.771665353182,,2292.151351841756,2712.545922921904,,423.43517497822796,501.0957747558943
82,2020-12-27,,287310.35964371805,343863.54115531105,,20531.588463082062,24572.955612230024,,2229.297783509233,2668.1050800875,,411.8918674002886,492.9672437602751
83,2020-12-28,,278366.51188182156,336944.08025306254,,19938.51639766164,24134.243102032524,,2167.3914478185584,2623.482663186212,,400.5179206337757,484.8002063197514
84,2020-12-29,,269630.3226810057,330081.2491183842,,19356.402878462668,23696.094627014794,,2106.467687893865,2578.7362442544113,,389.320188042797,476.60549710577277
85,2020-12-30,,261101.2141854865,323279.3010013678,,18785.42475443602,23258.945779216665,,2046.5575321490096,2533.9203822400004,,378.3047068775422,468.3933837167779
86,2020-12-31,,252778.29834738636,316542.19342600636,,18225.727303790103,22823.208065106526,,1987.6879778729385,2489.0867470661124,,367.4767510707134,460.1735891786411
87,2021-01-01,,244660.39826875084,309873.595994057,,17677.426172192227,22389.26959433594,,1929.8822527177513,2444.2842312300077,,356.8408905323748,451.9553255428174
88,2021-01-02,,236746.06907131372,303276.89870084345,,17140.609271853857,21957.495819053664,,1873.1600615994203,2399.559057012396,,346.4010268162961,443.7473007756202
89,2021-01-03,,229033.618019963,296755.22040970414,,16615.338586153084,21528.230252582187,,1817.5378166834807,2354.9548754273565,,336.1604367096434,435.55773755491913
90,2021-01-04,,221521.12412696186,290311.4177560369,,16101.651854238879,21101.795128752987,,1763.0288401812597,2310.512842307788,,326.1218239523267,427.3944051426981
91,2021-01-05,,214206.45695966505,283948.09410932346,,15599.564199167131,20678.492077965733,,1709.6435767222972,2266.2717179807196,,316.28734115257686,419.26461501620656
92,2021-01-06,,207087.29480140467,277667.6087599358,,15109.06967204895,20258.602781249152,,1657.38977738506,2222.2679412129264,,306.6586365878015,411.17525055592847
93,2021-01-07,,200161.14206962017,271472.0861811342,,14630.142727955812,19842.38961878267,,1606.272678432287,2178.535706186674,,297.23688436776473,403.13277719624267
94,2021-01-08,,193425.34613796032,265363.4255365187,,14162.739646267657,19430.096326852974,,1556.2951745902521,2135.107042179796,,288.0228107165439,395.1432488578012
95,2021-01-09,,186877.11313932436,259343.30982945397,,13706.799866165999,19021.948620381278,,1507.4579778464756,2092.0118832960165,,279.0167334917123,387.2123340625195
96,2021-01-10,,180513.52283138238,253413.21474405608,,13262.247243968808,18618.15478480237,,1459.759766708398,2049.278134032944,,270.218599589264,379.3453417310822
97,2021-01-11,,174331.54360014055,247574.41864608537,,12828.991324074395,18218.906362456088,,1413.197337918497,2006.9317470730252,,261.6279804599585,371.54719006269033
98,2021-01-12,,168328.04602799413,241828.011545091,,12406.92849702964,17824.37875694122,,1367.7657434807707,1964.9967893671114,,253.24412244534858,363.82245271388285
99,2021-01-13,,162499.81586143308,236174.90411264225,,11995.943113094922,17434.731845430404,,1323.4584222194042,1923.495508642726,,245.06596729401883,356.17536561574286
100,2021-01-14,,156843.56596456512,230615.83612181112,,11595.908519730041,17050.11055074931,,1280.2673225784558,1882.4483952536978,,237.0921836628622,348.60985107741
101,2021-01-15,,151355.94893354145,225151.3867220343,,11206.688155797794,16670.645565092243,,1238.1830319734938,1841.8742614929088,,229.32115072223547,341.12947296491745
102,2021-01-16,,146033.5668361856,219781.9813506521,,10828.13642246622,16296.453814172606,,1197.1948803124458,1801.7902908109156,,221.75104247370385,333.7375408772577
103,2021-01-17,,140872.98197482538,214507.90090818517,,10460.09964030435,15927.639109202086,,1157.2910535096428,1762.2121087245725,,214.37979864305402,326.43704959875737
104,2021-01-18,,135870.72636479215,209329.2898059197,,10102.416908504523,15564.292716761038,,1118.4586958569937,1723.1538444300843,,207.2051628239787,319.2307183345038
105,2021-01-19,,131023.31107739786,204246.16455565704,,9754.920959382634,15206.493982742837,,1080.684012024032,1684.6281988870016,,200.22468784431803,312.12098217696655
106,2021-01-20,,126327.23350853332,199258.41986397523,,9417.438844766884,14854.310755147764,,1043.9523498218127,1646.6464899251273,,193.4357909306608,305.1100619834134
107,2021-01-21,,121778.98436563907,194365.83485979986,,9089.792609086293,14507.79983402454,,1008.2482814829427,1609.218700560003,,186.8357618921521,298.19996472298834
108,2021-01-22,,117375.05959539916,189568.08788210913,,8771.800374968403,14167.00813697826,,973.555732523475,1572.3536098496293,,180.42163343023736,291.39226152331224
109,2021-01-23,,113111.96295530414,184864.75715877424,,8463.276652825532,13831.972696029929,,939.8580219077851,1536.0587902834297,,174.19043149873815,284.6884712903508
110,2021-01-24,,108986.21128635516,180255.3260978146,,8164.032883298896,13502.7210532693,,907.1379289675208,1500.3406510949017,,168.13910467751995,278.0899417065564
111,2021-01-25,,104994.34245735507,175739.19352487774,,7873.878204007328,13179.272074087132,,875.3777863575898,1465.204530106554,,162.264447469422,271.59771153972775
112,2021-01-26,,101132.91985721163,171315.67889605247,,7592.619929419011,12861.636345955481,,844.55953989045,1430.6547378316675,,156.56319480337314,265.21265326605885
113,2021-01-27,,97398.53688589249,166984.02795094927,,7320.064043044101,12549.816638400258,,814.6648091539635,1396.6946076591842,,151.03202460441636,258.93546889291366
114,2021-01-28,,93787.82162388688,162743.41914166807,,7056.015691972106,12243.808410796239,,785.6749491372026,1363.3265528792163,,145.66754834887874,252.76666485921413
115,2021-01-29,,90297.44015631329,158592.9682127972,,6800.27957728975,11943.600183707355,,757.5711013794386,1330.5521108020348,,140.4663516743482,246.70661324943407
116,2021-01-30,,86924.10060601521,154531.73441069372,,6552.66039912379,11649.174042886738,,730.3342495119207,1298.3719991323035,,135.4249695575796,240.75550143569708
117,2021-01-31,,83664.5556167031,150558.7243852653,,6312.963186893133,11360.505981340724,,703.9452626077659,1266.786155667055,,130.53993061189252,234.91340256809778
118,2021-02-01,,80515.60605603506,146672.89861675008,,6080.993709875011,11077.56641956915,,678.3849472092173,1235.793797737784,,125.8077203742264,229.1802039322815
119,2021-02-02,,77474.10288504262,142873.17494499902,,5856.558752043283,10800.320519979708,,653.6340834078716,1205.393457570148,,121.22483344194389,223.55569398110475
120,2021-02-03,,74536.94887614934,139158.43207611368,,5639.466372533107,10528.728502848506,,629.6734598634815,1175.583019102922,,116.78777706032795,218.0395654291444
121,2021-02-04,,71701.10060491288,135527.51386015327,,5429.526181864656,10262.746020056316,,606.4839111729398,1146.3597627372908,,112.49306126390071,212.63139325604357
122,2021-02-05,,68963.57131588255,131979.23554857713,,5226.5496712442755,10002.324662218069,,584.0463599265819,1117.7204230762793,,108.33716753771287,207.33057004303564
123,2021-02-06,,66321.43090335671,128512.38491143973,,5030.350336697181,9747.412109534256,,562.3418368243157,1089.661209075554,,104.31663882707116,202.1364717107407
124,2021-02-07,,63771.80753115839,125125.72662511645,,4840.743913896416,9497.95251352188,,541.3515120741149,1062.177848334993,,100.42802537558545,197.04835310659894
125,2021-02-08,,61311.88868309909,121818.00583033905,,4657.5485678359455,9253.886819965564,,521.0567219492164,1035.265625569351,,96.66790075123224,192.0653750887685
126,2021-02-09,,58938.92152321437,118587.95053466025,,4480.585027930644,9015.153008005032,,501.4389893330707,1008.919412272564,,93.03288205817503,187.18664221343656
127,2021-02-10,,56650.21372374409,115434.27510901442,,4309.676750218804,8781.686403544272,,482.4800448107877,983.133700057948,,89.51961400019864,182.4111697185093
128,2021-02-11,,54443.13362147268,112355.68262078433,,4144.650031053123,8553.419917026298,,464.16184500335385,957.9026311098627,,86.12478720475751,177.73791869217115
129,2021-02-12,,52315.11051822713,109350.8675974315,,3985.334121919139,8330.284301811203,,446.4665908979257,933.2200311599411,,82.84513175280202,173.16578219281607
130,2021-02-13,,50263.63476402824,106418.5184904239,,3831.5613252467,8112.208391856481,,429.37674359049225,909.0794396716408,,79.67742253783992,168.69359534819475
131,2021-02-14,,48286.25756591849,103557.31968539754,,3683.167069492211,7899.119312558769,,412.87503629980466,885.4741344542982,,76.61848705094883,164.32015147404752
132,2021-02-15,,46380.590904573044,100765.95384343789,,3539.989985941316,7690.942710573013,,396.94448745991014,862.3971605727997,,73.66519938930533,160.04418953615578
133,2021-02-16,,44544.30716162112,98043.10372705082,,3401.871960974743,7487.602946114704,,381.5684111016798,839.8413555490238,,70.81448858129986,155.86441212708635
134,2021-02-17,,42775.13867905206,95387.45395354505,,3268.6581775083514,7289.023274392009,,366.73042272979495,817.7993664491294,,68.06334043885069,151.77949043599006
135,2021-02-18,,41070.877386664004,92797.69297404007,,3140.1971583757672,7095.126043631298,,352.4144452888677,796.2636684297363,,65.40879464916738,147.78805883573284
136,2021-02-19,,39429.37405302531,90272.51427929482,,3016.3407804714975,6905.832839500536,,338.6047242787739,775.2266055856143,,62.84794716455367,143.88872113989925
137,2021-02-20,,37848.53772798687,87810.61807542242,,2896.9442977529934,6721.064658930253,,325.28582535380895,754.680394280351,,60.37795402909781,140.08006067574223
138,2021-02-21,,36326.33497917431,85410.71253816587,,2781.866345943147,6540.7420519896505,,312.4426397763919,734.6171449970394,,57.99603072826623,136.36064061310853
139,2021-02-22,,34860.78911280973,83071.51505772388,,2670.9689431430716,6364.785262347698,,300.0603892174121,715.0288841838467,,55.69945131918544,132.72900375248386
140,2021-02-23,,33449.97933496108,80791.75336640874,,2564.1174827152536,6193.114357159247,,288.1246265528222,695.9075679581828,,53.485550997033755,129.1836805502127
141,2021-02-24,,32092.03986769411,78570.16657263042,,2461.1807201555453,6025.649349346335,,276.6212369945133,677.2450974693257,,51.35172587065492,125.72319092470686
142,2021-02-25,,30785.159025794117,76405.50610580102,,2362.0307536259793,5862.310310531331,,265.5364391084698,659.0333349460909,,49.29543230802633,122.34604508760854
143,2021-02-26,,29527.57825251475,74296.53655942179,,2266.5429977440745,5703.017472523417,,254.85678428003743,641.26411684527,,47.31418691542013,119.05074597986867
144,2021-02-27,,28317.591138031115,72242.03648281803,,2174.5961564916015,5547.6913310495975,,244.56915579752697,623.9292667789184,,45.40556785297021,115.8357952612706
145,2021-02-28,,27153.54240335744,70240.79907209969,,2086.072188863132,5396.252735323139,,234.66076742412602,607.0206078417494,,43.56721372707977,112.69969347191513
146,2021-03-01,,26033.826868664528,68291.63280040986,,2000.8562705912839,5248.622970681484,,225.11916127025577,590.5299737669028,,41.79682282124273,109.64094102383963
147,2021-03-02,,24956.88839933072,66393.36196425172,,1918.8367534730498,5104.723837570325,,215.93220521428336,574.4492194353629,,40.09215371502749,106.6580428992752
148,2021-03-03,,23921.218847836695,64544.827187062336,,1839.905120481449,4964.477721535745,,207.08808977908842,558.7702304098481,,38.45102379488381,103.74950799092912
149,2021-03-04,,22925.356983990805,62744.88585603464,,1763.9559388126809,4827.807659142032,,198.57532467570317,543.484931959959,,36.87130882592199,100.91385121115573
150,2021-03-05,,21967.88741696146,60992.412496035,,1690.8868105544013,4694.637398487901,,190.38273498640666,528.5852974396005,,35.35094270015736,98.14959619771788
151,2021-03-06,,21047.439505737046,59286.2990657784,,1620.5983207436057,4564.8914530869515,,182.4994569995522,514.063355975838,,33.88791728100215,95.4552784480137
152,2021-03-07,,20162.6862862789,57625.455250290936,,1552.9939836965802,4438.495150935288,,174.9149336912126,499.91119937673733,,32.48028024722775,92.82944292880525
153,2021-03-08,,19312.343489132163,56008.80896458143,,1487.9801897279333,4315.374684405973,,167.61890987987894,486.12098824757413,,31.126127336031274,90.27062514458994
154,2021-03-09,,18495.168269596394,54435.30597960076,,1425.4661466796658,4195.457144643939,,160.60142761652472,472.6849588839672,,29.823623892849398,87.7774166940962
155,2021-03-10,,17709.958223720303,52903.9102919109,,1365.3638262962693,4078.6705688244224,,153.85282138564426,459.5954297532883,,28.57098473826928,85.3484121447821
156,2021-03-11,,16955.550433154756,51413.60453924347,,1307.5878989469645,3964.943951645635,,147.36371129225026,446.8448019829525,,27.366465799968218,82.98218661925848
157,2021-03-12,,16230.820312803142,49963.38977203839,,1252.055681269979,3854.207292914275,,141.12499903150493,434.425567981158,,26.20838630239613,80.6773653386974
158,2021-03-13,,15534.680591549235,48552.28554520505,,1198.6870726938566,3746.391610036576,,135.12786160639698,422.33031333748505,,25.095112186919497,78.43257835317746
159,2021-03-14,,14866.080299382043,47179.3299651507,,1147.4044997121603,3641.4289715405953,,129.36374609378876,410.55172174339305,,24.025060158981415,76.2464763977023
160,2021-03-15,,14224.003741564728,45843.57962652958,,1098.132854472221,3539.2525106976323,,123.8243634281142,399.0825767243952,,22.996695071209032,74.1177266822075
161,2021-03-16,,13607.46951636052,44544.10961338529,,1050.7994360100386,3439.796444374742,,118.5016829662284,387.91576560739725,,22.00852973296784,72.0450161344161
162,2021-03-17,,13015.529523837295,43280.013399334406,,1005.3338874464349,3342.996075557177,,113.38792629479032,377.04428086260737,,21.059123514981703,70.02705085777654
163,2021-03-18,,12447.268008206833,42050.402780789824,,961.6681398076142,3248.7878138159167,,108.47556167598819,366.46122324515113,,20.147081181461044,68.06255621547875
164,2021-03-19,,11901.80060530709,40854.40775155058,,919.7363521007197,3157.109180260627,,103.7572980905547,356.15980337467005,,19.271051773958323,66.15027701131794
165,2021-03-20,,11378.273417723884,39691.176392526955,,879.4748538267219,3067.898816849769,,99.22607941077703,346.1333434383121,,18.42972814549958,64.28897986841238
166,2021-03-21,,10875.862096078601,38559.874704278685,,840.8220850182502,2981.096483246524,,94.87507800144853,336.3752765505903,,17.621844818579845,62.477449811328555
167,2021-03-22,,10393.77095031886,37459.68646367222,,803.7185414167762,2896.6430673160803,,90.69768949451746,326.8791497988411,,16.846178358729553,60.71449548440837
168,2021-03-23,,9931.232074024152,36389.813047357165,,768.1067153085504,2814.480576242525,,86.6875267301026,317.63862406328644,,16.101544424441176,58.998942629855364
169,2021-03-24,,9487.50448585768,35349.47323558694,,733.9310418784564,2734.55214280234,,82.83841423523504,308.64747534527083,,15.386798928722817,57.32964213329429
170,2021-03-25,,9061.87329784866,34337.903032844166,,701.1378427848638,2656.802017295902,,79.14438236098759,299.8995944636656,,14.700834583354903,55.7054613139387
171,2021-03-26,,8653.648890691464,33354.35543305351,,669.6752730644798,2581.175567054355,,75.59966185135198,291.38898791249267,,14.042582312522745,54.125292990985734
172,2021-03-27,,8262.166123856838,32398.10023370635,,639.493266995898,2507.619267432735,,72.19867787409976,283.109776230722,,13.411008138843668,52.588047662552356
173,2021-03-28,,7886.783512671146,31468.423636386477,,610.5434842506589,2436.080688656821,,68.93604454561681,275.0561937059642,,12.80511593274793,51.092668162800635
174,2021-03-29,,7526.8826524481465,30564.628746580944,,582.7792686608494,2366.508528205798,,65.80656062685857,267.22259234307353,,12.223932928126278,49.63807581745207
175,2021-03-30,,7181.867121870232,29686.0339144246,,556.1555772850006,2298.8525196605883,,62.8052022521218,259.6034335390579,,11.666539358701066,48.22329307816273
176,2021-03-31,,6851.162105231299,28831.973859515063,,530.6289512673725,2233.063503250193,,59.92711965395434,252.19329521039126,,11.132028462560845,46.847286446610234
177,2021-04-01,,6534.213533525903,28001.79880012052,,506.1574580376872,2169.0933772566427,,57.16763110077876,244.98686731771366,,10.619533093999173,45.50907733940027
178,2021-04-02,,6230.487428792619,27194.87431365706,,482.70064627825883,2106.8950955578944,,54.52221781871565,237.97895073662593,,10.128215116490583,44.20770289043317
179,2021-04-03,,5939.469227583721,26410.58103158688,,460.2194986461179,2046.4226508425427,,51.986519258563824,231.16445709526974,,9.65726605152371,42.94222224653573
180,2021-04-04,,5660.663147674872,25648.314439022433,,438.6763875479803,1987.6310657041238,,49.556328324152034,224.53840798199866,,9.205905117029136,41.7117116806984
181,2021-04-05,,5393.591556820879,24907.48460509418,,418.0350309783485,1930.4763790123743,,47.22758660227123,218.0959336352077,,8.773379222940184,40.51526809694851
182,2021-04-06,,5137.794348893835,24187.51586168742,,398.260448656465,1874.9156281498422,,44.99637960000516,211.83227108495583,,8.358962671914137,39.35201148284692
183,2021-04-07,,4892.828367976506,23487.846620286302,,379.31892121703476,1820.9068399026573,,42.858932397205365,205.742763642269,,7.961954642731799,38.22107692763828
184,2021-04-08,,4658.266828241933,22807.92909299588,,361.1779491597425,1768.4090152255321,,40.811605214239904,199.82285949236334,,7.581679573938901,37.121619800700856
185,2021-04-09,,4433.698734843066,22147.228932081794,,343.80621170378214,1717.3821078632577,,38.85088895974009,194.06810959985285,,7.217487151413606,36.052819511737525
186,2021-04-10,,4218.728348245817,21505.224994716493,,327.1735284355334,1667.7870108055247,,36.973401071830516,188.47416643933127,,6.8687502190115595,35.01387306764431
187,2021-04-11,,4012.974697263487,20881.409280797852,,311.2508240454204,1619.5855534075602,,35.17588167809871,183.0367838187916,,6.534862231167264,34.003985356719
188,2021-04-12,,3816.0710269231336,20275.28646627848,,296.0100890895365,1572.740473344407,,33.45518934650133,177.75181410363342,,6.215240753649498,33.02239026686503
189,2021-04-13,,3627.6643135061063,19686.37369103186,,281.42434493374844,1527.2154039977972,,31.80829726178841,172.61520699135053,,5.909324107271361,32.06833725051375
190,2021-04-14,,3447.41478747632,19114.200313808506,,267.4676091720989,1482.9748592316905,,30.23228944073128,167.6230079462536,,5.616571024446839,31.141092748111024
191,2021-04-15,,3274.995467430311,18558.30764877177,,254.1148617990268,1439.9842168611524,,28.724357052876915,162.77135663296923,,5.336460187757619,30.239941063959854
192,2021-04-16,,3110.0917108232134,18018.248715964928,,241.34201248346997,1398.209702757495,,27.281794841382844,158.056485331055,,5.068489440829864,29.364183390894766
193,2021-04-17,,2952.400780542464,17493.588004377652,,229.1258690084433,1357.6183762023832,,25.901997654031387,153.47471740158767,,4.8121750349727215,28.51313684156968
194,2021-04-18,,2801.6314132776292,16983.901166366653,,217.44410580083527,1318.178110306759,,24.582457009339688,149.0224653730028,,4.567051710303661,27.686138334213734
195,2021-04-19,,2657.503416746384,16488.774801887517,,206.2752343423024,1279.857577922125,,23.320757833081345,144.69622943695725,,4.332671220377004,26.882539301071166
196,2021-04-20,,2519.747283856132,16007.806273909553,,195.59857467816067,1242.6262391318448,,22.11457530588355,140.49259606090735,,4.108601526308105,26.10170381419268
197,2021-04-21,,2388.103803631374,15540.60343083841,,185.39422675795475,1206.4543224759404,,20.96167172981216,136.4082361516606,,3.8944270999300272,25.34301359023536
198,2021-04-22,,2262.323684752633,15086.784327154068,,175.64304296741346,1171.312808009684,,19.859893507466797,132.43990332893506,,3.689748401102027,24.605868171766286
199,2021-04-23,,2142.167201323591,14645.97700967635,,166.32660181438527,1137.1734124049358,,18.807168238190243,128.58443237458604,,3.4941807517149353,23.889680938840996
200,2021-04-24,,2027.4038531817196,14217.819329364114,,157.42718255156402,1104.008575073148,,17.801501909954457,124.83873775314218,,3.3073536508982992,23.193877526171413
201,2021-04-25,,1917.8120230178195,13801.958657456118,,148.9277400984354,1071.7914410362816,,16.840976122258013,121.19981176510282,,3.1289111246514936,22.51790137249191
202,2021-04-26,,1813.1786579169645,13398.051693735426,,140.8118811603772,1040.4958466951364,,15.923745448858277,117.664723081832,,2.958510452605271,21.86120810951949
203,2021-04-27,,1713.2989568224061,13005.764246119234,,133.06384092861805,1010.0963045062455,,15.048034855826357,114.23061510831766,,2.7958219953783425,21.223267311995745
204,2021-04-28,,1617.9760674327292,12624.771005038487,,125.66846041839132,980.5679869266035,,14.212137186557618,110.89470424440742,,2.640528824992709,20.60356294430932
205,2021-04-29,,1527.0207959340996,12254.755340655252,,118.61116479838687,951.8867124433723,,13.414410756603814,107.65427838241983,,2.4923260608626636,20.001591455948386
206,2021-04-30,,1440.2513244988343,11895.40908752742,,111.87794235212225,924.02893127864,,12.653277033363926,104.50669549778362,,2.3509205769079258,19.41686254260992
207,2021-05-01,,1357.4929391873454,11546.43233825891,,105.45532413320372,896.971711353524,,11.927218383873294,101.44938222328734,,2.216030540513328,18.848898551818696
208,2021-05-02,,1278.5777678691672,11207.533246478179,,99.33036419063266,870.692723608515,,11.234775865435974,98.47983219546228,,2.0873849941760287,18.297234089574264
209,2021-05-03,,1203.3445274092664,10878.42783613759,,93.49062058760886,845.1702286855729,,10.57454708697672,95.5956043886932,,1.9647234707095538,17.7614157934426
210,2021-05-04,,1131.638276250558,10558.839784189098,,87.92413682082686,820.3830617414346,,9.945184154272471,92.79432157168287,,1.847795741965085,17.24100324527754
211,2021-05-05,,1063.3101815580455,10248.500260548833,,82.61942423858652,796.3106208527602,,9.3453917083603,90.07366901887701,,1.7363611545053994,16.735566021083972
212,2021-05-06,,998.217288844725,9947.147720417615,,77.56544459964253,772.9328514490699,,8.773924992345679,87.43139290618154,,1.6301885978587893,16.244686378663033
213,2021-05-07,,936.2223029024598,9654.527729930805,,72.75159361622322,750.2302346215967,,8.229588039057363,84.86529928059615,,1.5290559275503373,15.767956827543992
214,2021-05-08,,877.1933755844801,9370.39278778562,,68.16768496130494,728.1837748670243,,7.711231891746905,82.3732528249226,,1.432749700672621,15.304980447372028
215,2021-05-09,,821.0039008747938,9094.5021483377,,63.80393464404956,706.7749861778057,,7.217752782177944,79.95317453881178,,1.3410649589795958,14.855371743672539
216,2021-05-10,,767.5323174883836,8826.621651116417,,59.65094610383536,685.9858801941069,,6.7480905194391765,77.60304097355058,,1.2538047841680229,14.418755017932272
217,2021-05-11,,716.6619183022792,8566.523551934506,,55.69969575556092,665.7989539278713,,6.301226880487324,75.32088297038482,,1.1707800497385896,13.99476463599445
218,2021-05-12,,668.2806667194845,8313.98635908005,,51.94151905139664,646.1971778759784,,5.876184048732416,73.10478434820875,,1.09180912861477,13.583044750616025
219,2021-05-13,,622.2810200996848,8068.794679616591,,48.368097054709935,627.1639847149825,,5.472023091830717,70.95288042535815,,1.0167176023286293,13.183248910641067
220,2021-05-14,,578.5597574795393,7830.739043095169,,44.97144334285185,608.6832564079025,,5.08784250364029,68.86335667717796,,0.9453380740863725,12.795040909727197
221,2021-05-15,,537.0178166881029,7599.615769495282,,41.74389160762888,590.7393145685668,,4.722776829542713,66.83444786049846,,0.877509744929149,12.418092450967059
222,2021-05-16,,497.56013510700546,7375.22681278866,,38.67808352443326,573.3169089507772,,4.375995296341549,64.86443660779697,,0.813078290238859,12.052084529996268
223,2021-05-17,,460.0954963668048,7157.379609043876,,35.76695706413768,556.4012062494004,,4.046700502832339,62.95165219306735,,0.7518956005782349,11.696707058001822
224,2021-05-18,,424.5363830391881,6945.886933613392,,33.003735253319846,539.9777795612615,,3.7341271622511765,61.09446940460961,,0.693819525091163,11.351658341074875
225,2021-05-19,,390.7988345237047,6740.566758974563,,30.38191532261066,524.0325978637156,,3.437540884332272,59.29130736990631,,0.6387136559590576,11.016645029425215
226,2021-05-20,,358.8023127981405,6541.242164089186,,27.895258445909167,508.55201936003704,,3.1562370241224893,57.54062882438699,,0.5864469773875309,10.691379510834231
227,2021-05-21,,328.4695641847973,6347.7410899777615,,25.53777917919286,493.5227732434272,,2.889539497384064,55.84093809172303,,0.5368940934203789,10.375587480164576
228,2021-05-22,,299.7264980429193,6159.896304606211,,23.30373616889067,478.9319571261675,,2.636799737101426,54.19078080387765,,0.4899344436906272,10.06899753240049
229,2021-05-23,,272.50206338876995,5977.545262041746,,21.18762270731416,464.7670265430115,,2.3973956330136255,52.58874273885863,,0.445452427214942,9.77134636211861
230,2021-05-24,,246.7281300618895,5800.529959690311,,19.184157631142245,451.0157843086193,,2.170730509223488,51.033448638411095,,0.40333721364147446,9.482378806982911
231,2021-05-25,,222.33937543564295,5628.696820239184,,17.288276637083975,437.6663717072321,,1.9562321484072858,49.523561230731914,,0.3634825058134731,9.201846594541102
232,2021-05-26,,199.2731751544127,5461.896573550502,,15.49512390120528,424.7072596557635,,1.753351849916273,48.05778024997792,,0.32578637265860994,8.929508305142821
233,2021-05-27,,177.46949803292114,5299.984144958484,,13.800044011518986,412.1272402946235,,1.5615635229103544,46.63484150518711,,0.2901510751596995,8.665129022361908
234,2021-05-28,,156.870804802371,5142.818546629089,,12.198574194576887,399.9154188654536,,1.38036281206475,45.253515973906595,,0.2564829060858345,8.408480137354532
235,2021-05-29,,137.4219499463897,4990.2627495457755,,10.686436775420136,388.0612040984665,,1.209266249631851,43.91260873663135,,0.22469206729913077,8.159340294608754
236,2021-05-30,,119.07008782435442,4842.183571523765,,9.2595319619867,376.5542997874606,,1.0478104435970845,42.61095803961493,,0.1946924890670918,7.9174945553950975
237,2021-05-31,,101.76458335207478,4698.451612500523,,7.913930974391817,365.38469989314774,,0.8955513041167692,41.34743473912718,,0.16640163310576417,7.682732003958606
238,2021-06-01,,85.45692426858805,4558.94113380687,,6.645869295917248,354.54267939523913,,0.7520632841573808,40.1209412896135,,0.13974043690839252,7.454848525504279
239,2021-06-02,,70.10063729123486,4423.529958300758,,5.451740221112066,344.0187867732523,,0.6169386531062558,38.930410904987205,,0.11463315056663666,7.233645731910097
240,2021-06-03,,55.651207008233946,4292.09934051007,,4.328088614071987,333.80383436030405,,0.48978679397951275,37.774806485670155,,0.09100722762197201,7.018932430344634
241,2021-06-04,,42.06599921559516,4164.5339223439405,,3.271604997474648,323.8888947499917,,0.3702335375156587,36.65312021405038,,0.06879313458222863,6.810520323640667
242,2021-06-05,,29.304185787300536,4040.721618004481,,2.2791197662046216,314.26529220666265,,0.25792051036054303,35.56437259527079,,0.047924293112824194,6.608227528112825
243,2021-06-06,,17.326672817337464,3920.553512941263,,1.3475976479893133,304.92459507686124,,0.15250451092392228,34.50761160815008,,0.02833694507777629,6.4118778453260665
244,2021-06-07,,6.096031728430292,3803.9237985406576,,0.4741323889738541,295.8586107196971,,0.05365691047983669,33.481912139419464,,0.009970030364160951,6.221298947236687
245,2021-06-08,,-4.423567329645955,3690.729675367666,,-0.3440583837189434,287.0593781494836,,-0.03893692588331038,32.486375161972866,,-0.0072349068567744285,6.036323954168346
246,2021-06-09,,-14.266419409899482,3580.8712718846677,,-1.1096380949749318,278.5191618386999,,-0.1255781953824567,31.52012704099573,,-0.023333827174152916,5.856790620712214
247,2021-06-10,,-23.465346305093373,3474.25156764234,,-1.8251559713455758,270.23044587510566,,-0.20655519306421316,30.582318878977787,,-0.038380293372925534,5.68254108350901
248,2021-06-11,,-32.05175569713358,3370.7763074818627,,-2.493051609061817,262.18592755299966,,-0.2821438269926363,29.672125805392092,,-0.05242556843664526,5.5134222805871635
249,2021-06-12,,-40.05569806673497,3270.3539292550186,,-3.1156593701331383,254.37851180022332,,-0.3526081141345827,28.788746350794295,,-0.06551870554819511,5.34928528201551
250,2021-06-13,,-47.50592144794013,3172.895490391349,,-3.695212612906892,246.80130556730603,,-0.4182006576012945,27.931401815581008,,-0.07770663606424402,5.1899853245013166
251,2021-06-14,,-54.429923992601374,3078.3145902482124,,-4.233847754729174,239.44761190634833,,-0.4791631046854567,27.099335587210643,,-0.0890342597346177,5.035382022768901
252,2021-06-15,,-60.854004633197135,2986.52730430613,,-4.733608188916372,232.31092496374148,,-0.5357265887711931,26.29181258738619,,-0.09954451944045742,4.8853387233085925
253,2021-06-16,,-66.80331173846835,2897.4521142159333,,-5.196448047064895,225.38492461761072,,-0.58811215386705,25.508118673657236,,-0.10927848387854204,4.739722716020141
254,2021-06-17,,-72.30188980075208,2811.0098367989276,,-5.624235809033485,218.6634709996951,,-0.6365311625809561,24.747560048223153,,-0.11827542778747197,4.598405268222002
255,2021-06-18,,-77.37272452704507,2727.1235644943317,,-6.01875779119771,212.14059995550204,,-0.6811856894866909,24.00946272670204,,-0.12657289388068071,4.461261040479318
256,2021-06-19,,-82.03778600674121,2645.7185987174016,,-6.3817214879616335,205.8105179867625,,-0.7222688986395132,23.293171981124278,,-0.13420677244570117,4.328168411373859
257,2021-06-20,,-86.31807020537046,2566.7223864516445,,-6.714758785600541,199.66759745228248,,-0.7599654066996477,22.598051806114782,,-0.14121136805817971,4.199009300764488
258,2021-06-21,,-90.23363898555014,2490.0644630693255,,-7.019429058826771,193.70637211272987,,-0.794451632975384,21.923484424873852,,-0.14761945764918377,4.073668863212574
259,2021-06-22,,-93.8036586390961,2415.6763972305775,,-7.2972221538149435,187.9215328918081,,-0.8258961343751348,21.26886975752198,,-0.1534623515683463,3.9520354101907693
260,2021-06-23,,-97.04643625560804,2343.491719950232,,-7.549561205851571,182.3079224524152,,-0.8544599233904169,20.633624816687043,,-0.15876998545001308,3.834001130126231
261,2021-06-24,,-99.9794558030906,2273.4458863050586,,-7.777805433781829,176.86053225512578,,-0.8802967831905106,20.01718337428855,,-0.16357091914000935,3.7194604656619488
262,2021-06-25,,-102.61941179746306,2205.4762109258013,,-7.983252748233568,171.57449758908513,,-0.9035535653408426,19.418995478063,,-0.16789244325407804,3.6083113623950163
263,2021-06-26,,-104.98224208737919,2139.521817424182,,-8.167142291831706,166.44509368391874,,-0.9243704772567578,18.838527013240405,,-0.1717606101865534,3.5004546060499853
264,2021-06-27,,-107.08315939869723,2075.5235895218043,,-8.330656887255826,161.46773202063468,,-0.9428813579224992,18.275259260909582,,-0.17520028338441662,3.3957937279508923
265,2021-06-28,,-108.93668141646066,2013.4241187671703,,-8.4749253682228,156.63795628120874,,-0.9592139411319925,17.72868843644654,,-0.1782351984423237,3.2942351712102185
266,2021-06-29,,-110.55665992085538,1953.1676586017766,,-8.601024835744564,151.9514387648205,,-0.9734901050756629,17.19832518967003,,-0.18088800151599588,3.195688026782591
267,2021-06-30,,-111.95630849396876,1894.7000743214946,,-8.709982808574296,147.40397657568076,,-0.9858261191948832,16.683694259240777,,-0.18318030217784712,3.1000640948187215
268,2021-07-01,,-113.14822947368631,1837.9688007189018,,-8.802779313682008,142.9914883637124,,-0.9963328843537139,16.184334170233477,,-0.18513269991744338,3.0072775157321248
269,2021-07-02,,-114.14443953983749,1782.9227953854115,,-8.880348870770444,138.71001072413927,,-1.0051161539533746,15.699796767306777,,-0.18676484616373235,2.9172450532358374
270,2021-07-03,,-114.95639421283094,1729.5124927076467,,-8.94358239324163,134.55569465787121,,-1.0122767497807064,15.229646830970395,,-0.18809548469190496,2.829886000027648
271,2021-07-04,,-115.59501264210652,1677.689778075977,,-8.993329110479328,130.52480357641608,,-1.0179107760753014,14.773461804119902,,-0.18914243055571586,2.745121221849171
272,2021-07-05,,-116.07069817401023,1627.407913981433,,-9.030398164802236,126.6137076023312,,-1.022109799263895,14.330831143845844,,-0.1899227678485217,2.662875474209478
273,2021-07-06,,-116.39336243234828,1578.6215336930031,,-9.05556047977446,122.81888309000621,,-1.024961065553034,13.901356361445401,,-0.19045266037811553,2.5830740219122266
274,2021-07-07,,-116.57244525280008,1531.2865866702762,,-9.069550307835833,119.1369084126396,,-1.026547673118942,13.484650502232313,,-0.19074755616376649,2.505645082423068
275,2021-07-08,,-116.61693499215967,1485.360303444737,,-9.073066806655273,115.5644612509659,,-1.026948748303743,13.080337812901655,,-0.1908221583002481,2.43051885196513
276,2021-07-09,,-116.53538782613359,1440.8011585776503,,-9.06677553734628,112.09831573446299,,-1.026239616287063,12.68805343773095,,-0.1906904646491168,2.357627562934533
277,2021-07-10,,-116.33594627623347,1397.5688347810062,,-9.051309902984736,108.73533967153898,,-1.024491964115495,12.307443110761906,,-0.1903657983803658,2.2869054281200754
278,2021-07-11,,-116.02635674703461,1355.6241852409926,,-9.027272510430837,105.4724916389653,,-1.021773994273974,11.938162821987358,,-0.18986084934691924,2.2182887269849427
279,2021-07-12,,-115.61398837565146,1314.9292204882179,,-8.995236633710407,102.30681997095526,,-1.0181505901318495,11.579878703532772,,-0.1891876021599398,2.15171459552031
280,2021-07-13,,-115.10584736502031,1275.447050641434,,-8.955747327862726,99.2354582942208,,-1.0136834421244882,11.232266528056822,,-0.18835755219664438,2.087123199340236
281,2021-07-14,,-114.50859116017739,1237.1418378285823,,-8.909322530649378,96.25562185074125,,-1.008431172243587,10.895011292278745,,-0.1873817036739203,2.0244572298888235
282,2021-07-15,,-113.8285483322526,1199.978818678173,,-8.856454605223167,93.36460923521513,,-1.0024495086435958,10.567807415548126,,-0.1862702821723886,1.9636584708402167
283,2021-07-16,,-113.07172967980733,1163.924235997718,,-8.797611203912757,90.5597971138825,,-0.9957913832631476,10.250358142214322,,-0.1850331641305706,1.9046722359760202
284,2021-07-17,,-112.24384315223693,1128.9453209804697,,-8.73323642727715,87.83863884826579,,-0.9885070627641462,9.942375384903148,,-0.18367967919562952,1.8474448893009685
285,2021-07-18,,-111.35030676009009,1095.0102604711324,,-8.663751827484992,85.19866196427814,,-0.9806442621405239,9.64357944006034,,-0.18221870403385268,1.791924570057285
286,2021-07-19,,-110.39626165086486,1062.0881724341816,,-8.589557424359556,82.63746625504533,,-0.9722482596468208,9.353698773843544,,-0.1806586478950923,1.7380607849217486
287,2021-07-20,,-109.38658424273606,1030.1490778684597,,-8.51103264813163,80.15272160546851,,-0.9633620035022125,9.072469777089852,,-0.1790074935829851,1.6858045776148447
288,2021-07-21,,-108.32589806388438,999.1638755629332,,-8.428537259391554,77.74216603728259,,-0.9540262160324391,8.799636545246573,,-0.17727280622236435,1.6351083837089129
289,2021-07-22,,-107.21858523842678,969.1043186662943,,-8.34241224196948,75.40360389767267,,-0.9442794944809669,8.534950671980697,,-0.17546174551900487,1.5859259377939627
290,2021-07-23,,-106.0687967466874,939.9429850068079,,-8.252980600566161,73.13490356099193,,-0.9341584013657234,8.27817099071889,,-0.1735811207519147,1.5382125732040735
291,2021-07-24,,-104.88046251135289,911.6532510602206,,-8.16054814484605,70.93399541289254,,-0.9236975532118785,8.0290633471494,,-0.17163739382085638,1.4919250385966736
292,2021-07-25,,-103.65730249332994,884.2092790997292,,-8.065404351622401,68.79887085480307,,-0.9129297178821721,7.787400485067195,,-0.16963662495086917,1.447020848978497
293,2021-07-26,,-102.40283591523017,857.5859916322667,,-7.967823081721696,66.7275803215572,,-0.9018858957653897,7.552961823238763,,-0.16758456083106582,1.4034589032430553
294,2021-07-27,,-101.12039058258416,831.7590508613711,,-7.868063304369377,64.71823168854114,,-0.8905954017575625,7.325533275728386,,-0.16548662504307005,1.361199233735772
295,2021-07-28,,-99.81311009061267,806.7048246133646,,-7.7663696591779114,62.768987642024264,,-0.8790859290793387,7.104906956553403,,-0.16334801715313235,1.320203662713559
296,2021-07-29,,-98.48396352948046,782.4003769286497,,-7.662973209379494,60.87806494118149,,-0.867383634455033,6.890881095948312,,-0.16117358506657198,1.2804345924733207
297,2021-07-30,,-97.13575378192583,758.8234498440906,,-7.558092086752177,59.04373300468252,,-0.8555132111333623,6.683259880979153,,-0.1589678911139607,1.241855432762194
298,2021-07-31,,-95.77112413026141,735.9524351614202,,-7.451932006748751,57.26431173100509,,-0.843497946805326,6.4818532061992125,,-0.15673529130881658,1.2044310888276435
299,2021-08-01,,-94.39256630001992,713.7663609195728,,-7.344686893230896,55.53817044461469,,-0.8313597945647739,6.28647655680082,,-0.1544798598860857,1.1681272344667
300,2021-08-02,,-93.0024275986833,692.2448734664878,,-7.236539433542694,53.86372650533838,,-0.819119435692001,6.096950851233241,,-0.15220543075590406,1.1329105258326049
301,2021-08-03,,-91.60291734142608,671.3682169707046,,-7.127661577946654,52.239443716849486,,-0.8067963358156419,5.913102258699447,,-0.14991562928084762,1.0987487259950723
302,2021-08-04,,-90.1961135576969,651.1172177722297,,-7.018215061265493,50.66383111391158,,-0.7944088039665917,5.734762062465295,,-0.14761385432027752,1.0656104607896646
303,2021-08-05,,-88.7839692253985,631.4732676691543,,-6.908351887671213,49.135441665612596,,-0.7819740474317071,5.561766513395685,,-0.1453032983605285,1.0334652687794066
304,2021-08-06,,-87.36831792817527,612.4183054773052,,-6.7982147717218835,47.65287085178125,,-0.7695082228445042,5.393956677438877,,-0.14298697165735075,1.0022836763289293
305,2021-08-07,,-85.95087976994613,593.934802760171,,-6.687937597694342,46.21475555097056,,-0.7570264875926205,5.231178305515906,,-0.14066768766670731,0.9720370001176954
306,2021-08-08,,-84.53326683150355,576.0057484100122,,-6.577645844089969,44.81977284461301,,-0.7445430479966904,5.073281699140235,,-0.13834808208048355,0.9426973965018989
307,2021-08-09,,-83.1169881836976,558.614632255194,,-6.467456973584454,43.46663874466255,,-0.7320712025227766,4.920121560204564,,-0.13603063234115256,0.9142379111806979
308,2021-08-10,,-81.70345505109238,541.7454316901258,,-6.357480834850678,42.15410715720808,,-0.7196233880519107,4.771556879335189,,-0.13371764612789272,0.8866323202714324
309,2021-08-11,,-80.29398559179279,525.3825975196904,,-6.247820034341676,40.88096878346403,,-0.7072112217082922,4.6274508098917275,,-0.13141127832215288,0.8598551714604721
310,2021-08-12,,-78.88980924826895,509.51103876938737,,-6.1385702742609665,39.64604993725749,,-0.6948455377498451,4.487670525467338,,-0.12911355012303694,0.8338818368208364
311,2021-08-13,,-77.49207131684155,494.1161106546991,,-6.029820708194825,38.448211612468064,,-0.6825364280699416,4.352087116618014,,-0.12682633451133737,0.8086883480131509
312,2021-08-14,,-76.1018371221089,479.1836015400584,,-5.921654265831885,37.28634847044991,,-0.6702932789853393,4.220575477000906,,-0.12455137342177337,0.7842514445116744
313,2021-08-15,,-74.72009580819079,464.6997190242177,,-5.814147948987238,36.159387766248386,,-0.6581248087690754,4.093014207355062,,-0.12229029148891575,0.7605485977984966
314,2021-08-16,,-73.34776435504642,450.6510789386183,,-5.707373143307978,35.066288489542416,,-0.6460391005596186,3.9692855026152674,,-0.12004458686790903,0.737557893801597
315,2021-08-17,,-71.98569119159872,437.0246931773931,,-5.601395899524047,34.006040420437046,,-0.6340436348692196,3.849275049013332,,-0.11781564680146994,0.7152580748008098
316,2021-08-18,,-70.6346596439039,423.8079578634233,,-5.49627720128387,32.97766320770321,,-0.6221453175594679,3.7328719053568067,,-0.11560475555015731,0.6936285333009438
317,2021-08-19,,-69.29539117916174,410.9886415695055,,-5.392073218046149,31.980205456932474,,-0.610350511121769,3.619968416061457,,-0.11341309889336122,0.6726492867304479
318,2021-08-20,,-67.96854886785225,398.55487604612176,,-5.2888355742038025,31.01274400904718,,-0.5986650628601011,3.5104601156816027,,-0.11124175462429418,0.6523008724467363
319,2021-08-21,,-66.65474009279967,386.49514360911263,,-5.1866115594453595,30.07438295793555,,-0.5870943140834316,3.4042455332937545,,-0.10909173526974635,0.6325645532627707
320,2021-08-22,,-65.35451969331005,374.7982682411795,,-5.085444374711237,29.164252967093983,,-0.5756431653712899,3.301226334742927,,-0.10696393209937963,0.6134219439335633
321,2021-08-23,,-64.06839264616146,363.4534050114018,,-4.98537333965178,28.281510440828306,,-0.5643160657092551,3.2013070269674553,,-0.10485918121133003,0.5948553550960496
322,2021-08-24,,-62.79681675007969,352.4500305419601,,-4.886434102050747,27.42533678678665,,-0.5531170525254421,3.104394970078218,,-0.10277822960135533,0.5768475543308538
323,2021-08-25,,-61.54020512538195,341.777933383041,,-4.788658832164405,26.594937667157133,,-0.5420497692454882,3.0104002667203877,,-0.10072175564740325,0.5593818451164524
324,2021-08-26,,-60.29892865491271,331.42720498095883,,-4.6920764127001,25.78954229714298,,-0.5311174856047801,2.919235676273754,,-0.09869036817448221,0.5424420236352832
325,2021-08-27,,-59.073318244902914,321.38823052244686,,-4.596712614764357,25.008402733611405,,-0.5203231198859019,2.830816547443192,,-0.0966846115538385,0.5260123715620022
326,2021-08-28,,-57.86366726961586,311.65168161003623,,-4.502590288086772,24.250793306011207,,-0.5096692606128165,2.745060754528678,,-0.09470495648786895,0.5100775726627327
327,2021-08-29,,-56.67023343315737,302.2085065404249,,-4.409729505927391,23.51600986089875,,-0.49915818112763854,2.6618886019579606,,-0.09275182834033627,0.49462283501423665
328,2021-08-30,,-55.49324070066127,293.049921782259,,-4.318147715372956,22.80336909967498,,-0.48879185701955424,2.5812227517950417,,-0.09082560074590151,0.479633823117055
329,2021-08-31,,-54.33288136300268,284.16740489516286,,-4.227859898005586,22.11220802831686,,-0.4785719851363948,2.5029881659164066,,-0.08892658746410163,0.465096585197188
330,2021-09-01,,-53.18931783237421,275.5526866968148,,-4.138878709646204,21.441883348635344,,-0.46849999917906826,2.427112035880858,,-0.08705505483434539,0.4509975917672273
331,2021-09-02,,-52.06268455760782,267.1977447130119,,-4.05121462940169,20.791770949243375,,-0.45857708630742894,2.3535237239414317,,-0.0852112147585722,0.43732367243862247
332,2021-09-03,,-50.95308927549677,259.09479383226454,,-3.964876057087455,20.161265179176723,,-0.44880419817706196,2.282154680926497,,-0.08339525559078906,0.4240621493440122
333,2021-09-04,,-49.860614861434755,251.2362806992164,,-3.879869457232375,19.549778412128873,,-0.4391820674061511,2.2129383978025605,,-0.0816073115155567,0.41120065366239295
334,2021-09-05,,-48.78532088448411,243.61487713242377,,-3.7961994801041588,18.956740534833223,,-0.42971122123852556,2.145810347590464,,-0.07984747597002427,0.39872717233593574
335,2021-09-06,,-47.72724496754013,236.22347311738258,,-3.713869067577062,18.381598402399575,,-0.4203919934827516,2.080707923509416,,-0.07811581009849909,0.3866300679914654
336,2021-09-07,,-46.6864039783945,229.05516951899799,,-3.6328795458459675,17.823815271806772,,-0.4112245350028191,2.0175703748575806,,-0.07641234975308184,0.37489809097605764
337,2021-09-08,,-45.66279541649553,222.10327229630812,,-3.5532307333482094,17.282870352158902,,-0.4022088259668041,1.9563387562867574,,-0.07473709485592557,0.3635203052729485
338,2021-09-09,,-44.65639932564753,215.36128971420837,,-3.4749210895859437,16.758258588003155,,-0.39334469268551925,1.8969559032570757,,-0.0730899827654008,0.3524859413487371
339,2021-09-10,,-43.66717886696073,208.8229234469937,,-3.3979477597680066,16.249489967665156,,-0.38463181266996366,1.8393663537817777,,-0.07147095291236184,0.34178469312553067
340,2021-09-11,,-42.69508006605004,202.48205636114741,,-3.3223065552573448,15.756088573436026,,-0.37606971241887155,1.783516240932612,,-0.069879985781014,0.33140687867403035
341,2021-09-12,,-41.740034743607374,196.3327560162272,,-3.247992181486828,15.277592853660256,,-0.3676577932100374,1.7293533236175826,,-0.0683169461321086,0.3213426725473255
342,2021-09-13,,-40.80196229813892,190.36927277518762,,-3.1749983766398486,14.813555475759522,,-0.35939534679831586,1.6768269699592968,,-0.06678163898445204,0.3115823683995987
343,2021-09-14,,-39.88076848468752,184.5860242346422,,-3.1033178168250974,14.363542115900193,,-0.3512815446939246,1.6258880203612849,,-0.06527395555051045,0.3021170453564264
344,2021-09-15,,-38.97634708206446,178.97759378488215,,-3.0329422457708675,13.927131346959325,,-0.34331545284082093,1.576488774826528,,-0.06379373047230767,0.29293787728375753
345,2021-09-16,,-38.08858125144339,173.53872794932164,,-2.9638625805222243,13.503914431596987,,-0.3354960435793018,1.528582969536989,,-0.06234075646947606,0.28403619199392854
346,2021-09-17,,-37.21734394429632,168.26432966364948,,-2.8960689432232374,13.093494799643082,,-0.3278221992471707,1.4821257177231235,,-0.06091483011981475,0.27540366856986664
347,2021-09-18,,-36.362498743662655,163.14945391682386,,-2.829550726586781,12.695487709106933,,-0.32029271959110267,1.4370734713034545,,-0.05951572970389392,0.26703222100059504
348,2021-09-19,,-35.52390066136573,158.18930349757332,,-2.7642966559702105,12.309519915535853,,-0.31290632879397234,1.393383983469291,,-0.05814321677763948,0.25891399294352163
349,2021-09-20,,-34.70139678429355,153.3792243639568,,-2.700294839675758,11.93522931189107,,-0.30566168116963266,1.3510162679330822,,-0.056797042668401285,0.25104137463967785
350,2021-09-21,,-33.894826997471384,148.7147016501522,,-2.637532825219546,11.572264617968681,,-0.29855736753256307,1.3099305637810825,,-0.05547694412323183,0.24340697164095476
351,2021-09-22,,-33.10402467442949,144.19135579667602,,-2.5759976530737068,11.220285079495536,,-0.2915919212828718,1.2700883014267363,,-0.05418264424637894,0.23600359809328803
352,2021-09-23,,-32.328817102749056,139.80493779007966,,-2.5156758898045775,10.878960097931497,,-0.2847638221584449,1.231452060717105,,-0.05291386475898326,0.22882431940985848
353,2021-09-24,,-31.56902591412829,135.55132470901722,,-2.456553661558924,10.547968884085023,,-0.2780715000265819,1.1939855317346904,,-0.051670325074042206,0.22186243664862124
354,2021-09-25,,-30.824467898711763,131.42651717649161,,-2.3986167174346944,10.227000259976123,,-0.2715133420576776,1.157653492376468,,-0.05045172289726326,0.21511139292749576
355,2021-09-26,,-30.094955709016975,127.42663652731245,,-2.34185048425702,9.91575243851646,,-0.2650876989259039,1.122421783421065,,-0.04925773917448244,0.2085647869574139
356,2021-09-27,,-29.3802980921883,123.54792018253538,,-2.2862400846515207,9.613932663662801,,-0.2587928868559021,1.088257267804306,,-0.048088060563197386,0.20221645980421457
357,2021-09-28,,-28.680300468944235,119.78671873115587,,-2.23177038210867,9.32125698347039,,-0.2526271927240295,1.0551278049350505,,-0.04694236191144447,0.19606041118541034
358,2021-09-29,,-27.994764837201746,116.13949039514172,,-2.1784259735971485,9.037449819935775,,-0.24658887322395903,1.0230022020147618,,-0.04582033862976825,0.19009092625498308
359,2021-09-30,,-27.32349063303555,112.60279972490679,,-2.126191256488652,8.762243867252232,,-0.240676162440918,0.9918502025186893,,-0.04472165937378306,0.18430236902978508
360,2021-10-01,,-26.666275064071616,109.17331424746148,,-2.075050454517686,8.495379831119436,,-0.23488727479188098,0.961642456697453,,-0.043645991358533524,0.178689281453006
361,2021-10-02,,-26.022913530850417,105.84780166229339,,-2.0249876505637356,8.236606210575193,,-0.22922040873819588,0.9323504968921708,,-0.04259299568732969,0.17324635669140845
362,2021-10-03,,-25.393199919630952,102.62312668249879,,-1.975986809464286,7.985679052360532,,-0.2236737493668385,0.9039467097282694,,-0.041562333085527654,0.16796845560842197
363,2021-10-04,,-24.776926816992347,99.49624773675211,,-1.9280317947233228,7.742361694371459,,-0.21824547028687957,0.8764043070989408,,-0.040553667276562205,0.1628506132251816
364,2021-10-05,,-24.173885839745648,96.4642143078845,,-1.8811063941845012,7.506424558611835,,-0.21293373653710004,0.8496973027365616,,-0.03956665887213314,0.15788800717396662
